,ARMA,ELM,ARMA+ELM,MLP,ARMA+MLP,ACTUAL
2019-02-03 23:00:00,1.6606236549977706,1.980490622350637,1.8933023209551239,1.979563,1.882834539092009,1.921
2019-02-04 00:00:00,2.0327735205138033,1.2700232444377333,1.2568892871266417,1.4736319,1.3394160528624361,1.378
2019-02-04 01:00:00,2.0283053650370766,2.4114885514852853,2.3797220891806834,2.5733838,2.387104345749967,2.417
2019-02-04 02:00:00,2.8040369477255815,5.469389944699884,5.523649145950322,5.2521906,5.403807016847896,5.39
2019-02-04 03:00:00,4.318340352799802,5.64772022515486,5.949781698090995,5.7551856,5.85708766343823,5.862
2019-02-04 04:00:00,4.926609687912199,5.062082033484166,5.11474076052545,5.144625,5.093101196396086,5.116
2019-02-04 05:00:00,4.699263268184798,2.3397322738516575,1.9998959187089982,2.3672678,2.1417638594628743,2.162
2019-02-04 06:00:00,2.9642230953787156,2.1095957404507475,2.241218085247698,2.0101988,2.1504101242636033,2.194
2019-02-04 07:00:00,2.377555332532113,0.40637586178531016,0.08102187273760686,0.29584697,0.1639260867740564,0.204
2019-02-04 08:00:00,1.3606563350148042,0.3285961196797226,0.23095572002203357,0.27106553,0.17983634676407179,0.208
2019-02-04 09:00:00,1.208604790712209,0.2370091514110695,-0.04555871588978788,0.17151324,-0.031178019498972587,0.0
2019-02-04 10:00:00,1.3872568296130912,2.5265298332426136,2.6707936255260423,2.5299246,2.6188771413501515,2.648
2019-02-04 11:00:00,2.497637522761543,3.099772742689915,3.025836700302079,3.160693,2.9966528540298536,3.022
2019-02-04 12:00:00,3.1117829907079226,3.379712925809554,3.2387702286154765,3.4298463,3.2501730549474246,3.276
2019-02-04 13:00:00,3.0796507220295526,5.1151465732766095,5.114920949230177,5.0213175,4.985697112563,4.995
2019-02-04 14:00:00,3.7848914040507724,4.073540972043363,3.8524370864646853,3.9029756,3.818082131284659,3.853
2019-02-04 15:00:00,3.392122922039724,4.061182883279014,4.022062604872149,3.9677908,4.002347169018484,4.015
2019-02-04 16:00:00,3.574422163787499,3.262691455573637,3.229189044085492,3.3297195,3.2600195835262684,3.306
2019-02-04 17:00:00,3.494711942245514,3.722470453705839,3.673434123544496,3.6234083,3.7170048423309634,3.735
2019-02-04 18:00:00,3.8178119764861536,2.0152172389552683,2.0343533201321757,2.1365588,2.129507790618844,2.161
2019-02-04 19:00:00,3.2279647807086302,1.3870375065482405,1.4945825098670804,1.3576881,1.4088109950030638,1.447
2019-02-04 20:00:00,2.453307423326896,1.9158687825520857,2.005182899379771,1.9253789,2.0175736281608803,2.065
2019-02-04 21:00:00,2.265357187146862,0.7583068701228853,0.13774757658789083,0.45853972,0.2881793287942007,0.304
2019-02-04 22:00:00,1.150553647503166,0.5196525676193005,0.06189076020257356,0.32670388,0.042551223263053606,0.063
2019-02-04 23:00:00,0.7366667576940209,0.992743743960478,0.5973336969726937,0.8827272,0.6353622265966088,0.673
2019-02-05 00:00:00,1.090544348396086,2.287193838590284,2.3348382886935495,2.303037,2.319555884040617,2.323
2019-02-05 01:00:00,2.1696202278007743,4.4867738227975815,4.556335420746738,4.4164724,4.493316364275383,4.461
2019-02-05 02:00:00,3.8592617141995937,6.657089341376141,6.8422686270498465,6.691074,6.821289740780404,6.767
2019-02-05 03:00:00,5.390614890360977,3.196094107006842,3.1326944348675574,3.3436723,3.054061555171158,3.05
2019-02-05 04:00:00,4.124685349919598,2.4697418001288094,2.619226492801668,2.5331125,2.517017665364544,2.545
2019-02-05 05:00:00,3.140345785489023,1.0184982981106987,0.9213985235062512,0.944872,0.8744771217011813,0.874
2019-02-05 06:00:00,1.7511987828617686,0.7032176793205386,0.2713129257102762,0.22594681,0.22253681653791602,0.227
2019-02-05 07:00:00,1.0506863677616167,0.551560890736937,0.3727721901603813,0.7098907,0.39019728542519094,0.43
2019-02-05 08:00:00,1.2136954036896355,1.144001015478634,1.1753953048757118,1.3725942,1.2511452404205925,1.278
2019-02-05 09:00:00,1.786944323544029,1.3181127060788667,0.9565244530367476,1.571473,1.0206059751553571,1.035
2019-02-05 10:00:00,2.3041349843891066,1.670673375067649,1.3786100865732829,1.7620926,1.4479786352069777,1.479
2019-02-05 11:00:00,2.377537185204948,1.902112591607921,1.4799546056900512,1.7771513,1.5368115248808514,1.566
2019-02-05 12:00:00,2.3394118287147565,3.693277387990727,3.774460470791432,3.6760452,3.8125358559669538,3.787
2019-02-05 13:00:00,3.078684850241111,2.2021374781448695,1.8513205132169865,2.0877512,1.955614848638938,1.98
2019-02-05 14:00:00,2.3404175306828394,1.7691104554730561,1.7707654953048806,1.8027543,1.8067080046208277,1.839
2019-02-05 15:00:00,2.221962761195293,2.3875040371125738,2.3909176024624728,2.3864048,2.4462087862807422,2.449
2019-02-05 16:00:00,2.714666409621796,2.2152483464739516,2.1256999075536442,2.088055,2.1707692576747744,2.204
2019-02-05 17:00:00,2.8585768237639675,2.7343873063228976,2.8087582556686526,2.7043145,2.7816205516387233,2.814
2019-02-05 18:00:00,3.546097303063485,3.7444719753960243,3.755266346074576,3.7511408,3.7515049225398034,3.807
2019-02-05 19:00:00,3.8553840271129847,4.6207779499687485,4.6134541874319694,4.401255,4.508475934614205,4.557
2019-02-05 20:00:00,4.239894324799659,2.9201550666286673,2.350287423605096,2.6681147,2.493230515977027,2.493
2019-02-05 21:00:00,3.0035890377118637,1.3778611130046698,0.8476518007053828,1.2723913,0.8608416355207016,0.875
2019-02-05 22:00:00,1.7390264317681434,0.2805561538782312,0.11312073210828721,0.28952223,-0.005184288294112438,0.0
2019-02-05 23:00:00,1.0414483113228716,2.3839663116267356,2.3904090818595574,2.2462804,2.3251959843575394,2.333
2019-02-06 00:00:00,1.9930737412648856,3.5744070411750326,3.6649395436609007,3.555425,3.651622096367425,3.626
2019-02-06 01:00:00,3.306934206543643,3.1913173777032693,3.234931114351675,3.2399197,3.1185010362250396,3.126
2019-02-06 02:00:00,3.708198861439105,3.891668064902159,3.914435050513345,4.005775,3.9474423688243587,3.924
2019-02-06 03:00:00,4.002707365461713,6.392830712859314,6.221580638834835,5.857127,6.126758459516889,6.139
2019-02-06 04:00:00,4.827426420168463,2.3321498291798624,2.0600411696122345,2.4820688,2.206440912203375,2.155
2019-02-06 05:00:00,2.913542205037911,1.185848732984744,1.3249611215920143,1.3674552,1.2499365150354698,1.241
2019-02-06 06:00:00,1.8595750746584805,0.8165405273052734,0.7654830098814254,0.9232196,0.7825234351015957,0.796
2019-02-06 07:00:00,1.2809814906606374,1.2999243288721927,1.1399596219019295,1.2034799,1.1681460834035573,1.206
2019-02-06 08:00:00,1.613455886696797,1.9526856453808341,1.7545230767137934,2.006827,1.7524677465905958,1.791
2019-02-06 09:00:00,2.4483417917299644,1.252674516144493,0.6412001426196992,1.3227392,0.7684289861727134,0.813
2019-02-06 10:00:00,2.1809575401002643,1.456085160625416,1.3806247975647854,1.6262336,1.4083239875489948,1.446
2019-02-06 11:00:00,2.488924711488047,2.308661361290358,2.129988250310917,2.3892121,2.1971337492688088,2.221
2019-02-06 12:00:00,2.4259181225562347,3.9001568758411076,3.673945903169095,3.529743,3.600101014401938,3.615
2019-02-06 13:00:00,2.785736860807048,4.341547549711833,4.362402973482994,4.349081,4.2567442079139814,4.274
2019-02-06 14:00:00,3.340767248431116,2.059541842428097,2.085908215694395,2.3906207,2.158614500323206,2.18
2019-02-06 15:00:00,2.5266661945794415,3.1673608537530957,3.2035008027761305,3.1592262,3.2030430141900372,3.229
2019-02-06 16:00:00,3.2362965795154306,1.840817327053773,1.8031718165452744,1.9900063,1.9139136525745126,1.962
2019-02-06 17:00:00,3.001793493490828,1.537789260503289,1.570956055837402,1.6176984,1.615927328329695,1.653
2019-02-06 18:00:00,2.849526429134437,2.771917792520423,2.717575279336835,2.6536188,2.756219887691566,2.782
2019-02-06 19:00:00,3.2804242258292424,2.6228318230539145,2.546375384646987,2.4415596,2.548670161269306,2.578
2019-02-06 20:00:00,2.7647246120475852,2.504972796946141,2.4777374343831626,2.4718843,2.446998476793679,2.505
2019-02-06 21:00:00,2.6212103602504175,1.9895263935669854,1.7995504120997619,2.0799332,1.9638006922816675,1.989
2019-02-06 22:00:00,1.9987415148414225,3.4302450657704124,3.530088908699037,3.4376256,3.4596313311256024,3.491
2019-02-06 23:00:00,2.685828174601619,1.4251811585775325,0.7851644315149011,1.1074475,0.8383767261610671,0.837
2019-02-07 00:00:00,2.098637197553237,1.156838391434079,0.815084851496719,0.93396986,0.801187131940444,0.82
2019-02-07 01:00:00,1.9550325434144598,1.0551149487052902,0.9753070055766306,1.1084447,0.9752327959474187,1.005
2019-02-07 02:00:00,2.289398882028883,1.1397690344305855,0.9314545335508573,0.8264594,0.9842915269110852,0.949
2019-02-07 03:00:00,2.0937070343886264,0.7384237420736586,0.8732513380160847,0.7827515,0.8109149430189975,0.804
2019-02-07 04:00:00,1.847435248875966,0.9318547090901748,0.9587250636714488,1.0243347,0.8331966529134416,0.924
2019-02-07 05:00:00,1.565740200622548,2.3968423534620187,1.9847683891014338,1.9900458,2.0024853674011123,2.029
2019-02-07 06:00:00,1.9056837151285533,1.4278314404112988,1.2567108296499458,1.6655319,1.3117253372904185,1.338
2019-02-07 07:00:00,1.8754543838428437,1.2315775208626545,1.0189280486299466,1.5360596,1.0881428298877656,1.119
2019-02-07 08:00:00,1.979228569262701,1.305617411944495,1.1026020035736126,1.5265678,1.150775028460699,1.191
2019-02-07 09:00:00,2.3637891686152206,1.4228761539597476,1.2881094107367521,1.6125743,1.3483992493342147,1.406
2019-02-07 10:00:00,2.613996240457332,2.5050026742719247,2.5576494390481943,2.6388533,2.5915176599824785,2.616
2019-02-07 11:00:00,3.1608395448342765,4.188376170996586,4.188472882061745,4.1586056,4.158575998844286,4.17
2019-02-07 12:00:00,3.8879046525700045,3.242158409635818,3.1596888090962647,3.356805,3.213387497876401,3.236
2019-02-07 13:00:00,3.409086325530996,1.7087880295474882,1.322707226595767,1.5079764,1.3984254387664699,1.412
2019-02-07 14:00:00,2.344464189135467,2.025046407590391,1.992591151674206,1.9003861,1.9784072700375668,2.003
2019-02-07 15:00:00,2.278473732744006,3.43681042888679,3.547233781418055,3.2761025,3.4684380271775996,3.478
2019-02-07 16:00:00,3.087048594708984,2.1578125778031447,1.8238708293494295,2.0060258,1.8809791252570798,1.942
2019-02-07 17:00:00,2.9131119057043824,2.9202129172269085,2.8204992910562003,2.8543358,2.836784581790808,2.87
2019-02-07 18:00:00,3.4058541604201134,4.045005889426279,3.916620176595278,3.8726873,3.8954219170729454,3.93
2019-02-07 19:00:00,3.913118251258972,2.317299966474063,1.9668282654353106,2.2071233,2.1165095648118286,2.15
2019-02-07 20:00:00,2.971709723637273,2.591057545039947,2.5673891116456518,2.5756385,2.587183470890691,2.619
2019-02-07 21:00:00,2.7121643115299094,1.836481147714778,1.651034305579632,1.7953458,1.7380990077274192,1.752
2019-02-07 22:00:00,2.02422605371393,0.7858281028556147,0.5651583991882414,0.536731,0.543492420672548,0.565
2019-02-07 23:00:00,1.3996563238036677,0.29449793911125965,-0.00858754741982981,0.36777127,-0.06918475209354913,0.002
2019-02-08 00:00:00,1.1872531612769825,0.4920720881115694,0.3965206714052596,0.5605616,0.4352592666999562,0.461
2019-02-08 01:00:00,1.5118888451683914,0.27416233440905907,-0.12078042792096944,0.5187165,-0.010692493714054896,0.004
2019-02-08 02:00:00,1.6645431663033392,0.5043738610736203,-0.07172467646290714,0.63278246,-0.020102248049077787,0.004
2019-02-08 03:00:00,1.5119596457205753,1.8073826349064008,1.847931106216651,2.2186701,1.8615256285391788,1.901
2019-02-08 04:00:00,2.2387757689062324,3.525439898151157,3.632230103492983,3.7549183,3.530912438065168,3.56
2019-02-08 05:00:00,3.0214390424261706,4.885802063510081,5.129662726682753,5.0486465,4.98760172400576,5.0
2019-02-08 06:00:00,3.814461444702039,2.4301884298015883,1.693118925509237,2.5409431,1.8216750372313357,1.862
2019-02-08 07:00:00,2.8451569306018603,1.732849709497355,1.8499149148358813,2.0193224,1.8357115017535937,1.877
2019-02-08 08:00:00,2.6774032653280555,1.7511866495639694,1.682788864814568,1.8315344,1.7585628570028602,1.804
2019-02-08 09:00:00,2.6960364284152587,1.750667687007498,1.6214781763323893,1.7086779,1.6879144610995849,1.725
2019-02-08 10:00:00,2.759562255579866,2.9722578058656515,2.946724473828333,2.9783165,3.004092456538118,3.027
2019-02-08 11:00:00,3.4432006505440076,3.28687755975489,3.178836698448124,3.1861508,3.1815758374641736,3.211
2019-02-08 12:00:00,3.382028152691751,3.1514232905302673,2.844106413401006,2.9248178,2.86902528022471,2.92
2019-02-08 13:00:00,3.111720186403973,2.9514674603756714,2.7853835902464272,2.9160419,2.8453332006251646,2.881
2019-02-08 14:00:00,2.803328558380991,2.9167320546988513,2.85781441499586,2.8726723,2.9100199188546236,2.934
2019-02-08 15:00:00,2.680493131352241,2.1744737362585576,1.6382745804375212,1.7468681,1.7232282311447213,1.75
2019-02-08 16:00:00,2.3526643408690693,2.8460112767101973,2.616258863083814,2.5757673,2.622474540606618,2.66
2019-02-08 17:00:00,2.8413000218323474,0.7860279723009941,0.7077935641893855,0.86815536,0.8280818573883777,0.816
2019-02-08 18:00:00,2.323510596038539,3.4337808314621774,3.4845436832794245,3.2329164,3.4644083468930313,3.491
2019-02-08 19:00:00,3.355374457667422,3.2411464065498423,3.336987837269351,3.379518,3.2999349854689357,3.349
2019-02-08 20:00:00,3.4001894372080925,1.9004010274184688,1.7673087288836062,1.9251789,1.8730824368571404,1.89
2019-02-08 21:00:00,2.562613341144222,1.6437141381194922,1.5907587400312648,1.9187567,1.6036802261387288,1.644
2019-02-08 22:00:00,2.075003720652828,1.1600244221137674,1.046940282262761,1.288155,1.12418685091711,1.17
2019-02-08 23:00:00,1.5067981354101396,1.1690320070996225,1.0774695671396166,1.3789603,1.1040552727087236,1.144
2019-02-09 00:00:00,1.7514673459590575,1.0195837265385428,0.6387203592333346,1.2722875,0.7126966702998778,0.741
2019-02-09 01:00:00,1.7364710181948118,1.6615204079501984,1.3253034343751127,1.875271,1.4008053153749875,1.451
2019-02-09 02:00:00,2.306726023117161,1.276404232511051,0.8979704252487481,1.4583802,0.9774053539429666,0.99
2019-02-09 03:00:00,2.3486007330766654,4.365178627271904,4.578642675344622,4.332896,4.508334028517339,4.504
2019-02-09 04:00:00,3.647357494140664,5.648627964166495,5.876013862199833,5.7610197,5.880002528930703,5.871
2019-02-09 05:00:00,4.58481203277055,4.959512534609912,4.906387123587465,4.9426317,4.902390825342572,4.904
2019-02-09 06:00:00,4.259937154680154,4.864702162670478,4.817827741606328,4.8078265,4.760624753862283,4.797
2019-02-09 07:00:00,4.121057043537161,3.802973454892543,3.849166717242399,3.893337,3.8631138901558133,3.887
2019-02-09 08:00:00,3.685889364284812,2.376796883735903,2.142612068867594,2.276617,2.281092763943015,2.309
2019-02-09 09:00:00,3.056245341364679,1.7569039882402917,1.8097513924512953,1.8145489,1.8494732523601622,1.881
2019-02-09 10:00:00,2.7977757688309746,3.6779882022323585,3.636178571430216,3.4194517,3.6358065839554863,3.657
2019-02-09 11:00:00,3.4248351248070703,5.564348637616731,5.529691546156284,5.231662,5.3833879621788965,5.387
2019-02-09 12:00:00,4.3566428257412975,6.153506465290577,6.3148108876466935,6.1216364,6.201427562374598,6.196
2019-02-09 13:00:00,4.726370014019123,4.922942896626286,4.9664882351536015,4.9579964,4.91811672575008,4.946
2019-02-09 14:00:00,4.069390410734208,3.798038901863486,3.5264614521279167,3.657764,3.5835944360027625,3.624
2019-02-09 15:00:00,3.195319334317616,2.980049728497851,2.847073022962597,2.7879417,2.875755945493153,2.909
2019-02-09 16:00:00,2.5876373020100893,4.019706696814872,4.020979268588283,3.837258,3.986629840462238,4.001
2019-02-09 17:00:00,3.158713325359878,4.075494495714462,4.201481417595874,4.0313134,4.070914253094253,4.101
2019-02-09 18:00:00,3.6658860063816894,4.704259551681085,4.603033791596088,4.525381,4.625573239352881,4.63
2019-02-09 19:00:00,4.132411213472517,2.5590426918720217,2.3266475564968214,2.597468,2.4561967569142897,2.477
2019-02-09 20:00:00,3.18054177575446,3.642525197963642,3.7160089291523586,3.5410793,3.693140767148503,3.726
2019-02-09 21:00:00,3.087150211378763,1.2542423739272204,0.9726323050258241,1.2744243,1.135269041105936,1.152
2019-02-09 22:00:00,1.6557865824830162,0.35274969531004263,0.1200871293007626,0.2969671,0.1005426135193932,0.123
2019-02-09 23:00:00,0.6281339399009069,2.126201397323397,2.3706655568074875,2.2813554,2.3069564572959265,2.329
2019-02-10 00:00:00,1.6093552540124718,1.3445076900255175,1.2477594987782195,1.4648167,1.2249134014428917,1.268
2019-02-10 01:00:00,1.6226970629278108,2.059618672476533,1.8756594999212053,2.0696516,1.940530963379471,1.959
2019-02-10 02:00:00,2.480501162609621,3.397345039702401,3.3399133313318377,3.4203959,3.3337106581540548,3.337
2019-02-10 03:00:00,3.28636371912082,3.3755767697111194,3.2909909917311135,3.3269842,3.352310298100312,3.343
2019-02-10 04:00:00,3.4378153077549802,3.8233644057437175,3.85033343921046,3.9056156,3.9131604424900877,3.905
2019-02-10 05:00:00,3.568151400744796,3.05619074251933,3.0556988924737523,3.2049396,3.1262187225221396,3.132
2019-02-10 06:00:00,2.8374873113262664,3.7432325562299447,3.7379687039313403,3.6754491,3.7246223401653777,3.718
2019-02-10 07:00:00,3.040024452029572,4.288982319745795,4.4002896512350365,4.2321606,4.28135269147049,4.297
2019-02-10 08:00:00,3.4576695163436515,3.7067667003522486,3.7116407351535265,3.7931452,3.7055261333175284,3.741
2019-02-10 09:00:00,3.529099082498416,2.719586836815238,2.706448636132241,2.8707924,2.769892072229251,2.789
2019-02-10 10:00:00,3.579306675482004,3.330044204781803,3.311900243661133,3.343331,3.3384257092954805,3.351
2019-02-10 11:00:00,3.5232648373444304,6.002308534022322,6.302374070773674,6.012307,6.24653429992988,6.203
2019-02-10 12:00:00,4.751927665548598,4.592082418822961,4.683899940064998,4.865649,4.724327853994643,4.724
2019-02-10 13:00:00,4.149325970484826,5.618673354696644,5.52275845654671,5.4749303,5.476725701167199,5.46
2019-02-10 14:00:00,4.0699572547743745,4.386161577795791,4.469325643403588,4.6398005,4.461643694288535,4.466
2019-02-10 15:00:00,3.5731207192707575,7.639552894301753,7.715892103064341,7.3988824,7.603001719789557,7.58
2019-02-10 16:00:00,4.843533451699651,2.1604510059318054,1.8084164794692663,2.1657934,1.7786096884245044,1.773
2019-02-10 17:00:00,3.0091790403526972,2.5032904314268976,2.663780947450349,2.295816,2.488372727791662,2.514
2019-02-10 18:00:00,2.810517198979497,3.3050227303033015,3.3576021278318526,3.2782362,3.3822583031054734,3.387
2019-02-10 19:00:00,3.1864639872622074,4.459048335055588,4.4666422393620575,4.1629148,4.368122255237061,4.387
2019-02-10 20:00:00,3.473308412721712,1.928058682516408,1.7949902428373403,2.0184069,1.8653944417744466,1.885
2019-02-10 21:00:00,2.4661506190255564,1.39731363576713,1.382908797764844,1.5165261,1.3743248953774851,1.429
2019-02-10 22:00:00,1.4805558558693208,2.485537427118974,2.6753667267374324,2.5470657,2.5903704997291843,2.631
2019-02-10 23:00:00,1.902943447506018,1.775974747596321,1.6019412025235469,1.6317512,1.6113165172692017,1.642
2019-02-11 00:00:00,1.5355784681059974,6.284184496761711,6.679335650517931,6.2066693,6.566298702023234,6.594
2019-02-11 01:00:00,4.180616236140971,5.625567468612197,5.626698922608123,5.7415934,5.739188051631694,5.713
2019-02-11 02:00:00,4.808325996748314,3.641430822908751,3.5708292287191252,3.8270469,3.6577815917647936,3.697
2019-02-11 03:00:00,4.154718597056757,5.2819280403796185,5.20527389606792,5.1513343,5.215870101573358,5.214
2019-02-11 04:00:00,4.49614987609157,4.428479743661412,4.414062159810925,4.469604,4.432596542809099,4.452
2019-02-11 05:00:00,3.7553563442331503,4.197780950078642,4.011710028639365,4.063046,4.045236619959469,4.061
2019-02-11 06:00:00,3.378406837721425,3.148399200380937,3.0699367515607316,3.193402,3.158832386274892,3.17
2019-02-11 07:00:00,2.7048584401404647,2.6916022494006553,2.6956896814113347,2.636827,2.7292019307410507,2.748
2019-02-11 08:00:00,2.4275545833931336,4.256364278922693,4.34101830630223,4.1012754,4.240518545948065,4.227
2019-02-11 09:00:00,3.4592218111873554,2.856299612933431,2.9442240294920476,3.1089194,2.9442023943782734,2.967
2019-02-11 10:00:00,2.9770116804786633,3.0048282294286572,2.9800058494586374,3.04059,3.05406808840713,3.057
2019-02-11 11:00:00,3.258957306026495,4.408009697752173,4.376489158726892,4.345086,4.386836448787726,4.374
2019-02-11 12:00:00,3.5704717488519493,7.113085248893137,7.267966044736543,7.017157,7.170156940960103,7.14
2019-02-11 13:00:00,4.608144264735982,3.5680921292513843,3.752850632219592,4.0579095,3.6801342778585404,3.672
2019-02-11 14:00:00,3.5438042365626,5.77225327136412,5.880521744640742,6.0619197,6.187773295553079,6.251
2019-02-11 15:00:00,4.161390452490407,5.767258642225423,5.869750802317059,5.7848625,5.768403678045827,5.811
2019-02-11 16:00:00,4.362895980506039,4.858511893678689,4.918379929344389,4.8568425,4.768286719946957,4.847
2019-02-11 17:00:00,4.141686020982696,5.361578451026818,5.377761304975484,5.433417,5.313868104112578,5.333
2019-02-11 18:00:00,4.507395982426641,6.312652422478225,6.025791491225134,5.8527856,5.9754722115221,6.002
2019-02-11 19:00:00,4.711495206333701,4.796310150883552,4.903458460746742,4.8676734,4.873236463047568,4.894
2019-02-11 20:00:00,4.217511061967541,6.600376303316925,6.53056792633793,6.3562093,6.4911602776657835,6.493
2019-02-11 21:00:00,4.509708340457869,3.5415824456161222,3.6711985265863096,3.7268214,3.605337078861189,3.617
2019-02-11 22:00:00,3.1006621325283596,1.9552657963294,2.0411915933397906,2.0972788,1.9734300577908108,1.93
2019-02-11 23:00:00,1.9115582752880307,2.0310858149840856,1.949388951003187,2.1038752,2.1464868832287047,2.1
2019-02-12 00:00:00,1.7382588166620276,4.093455610423448,4.044907426153729,3.7511768,4.1272067803766275,4.043
2019-02-12 01:00:00,2.6824375244680474,4.644515742296342,4.535249443015285,4.6201167,4.663005456596954,4.649
2019-02-12 02:00:00,3.6964926281733743,4.458608509992671,4.434841669282251,4.5404305,4.412021116332554,4.381
2019-02-12 03:00:00,3.730438779659543,3.0050463859948437,2.9272416596495723,3.1798577,3.0138891447260714,3.032
2019-02-12 04:00:00,3.180592436351498,3.0607983339335516,3.0420674883173984,3.0290575,3.078917402782162,3.115
2019-02-12 05:00:00,2.637052108175956,4.395363631705229,4.516244768827128,4.3314185,4.4378371728732215,4.418
2019-02-12 06:00:00,2.9454715067282686,3.707281600921409,3.7936718261179747,3.8111145,3.7441584879294405,3.752
2019-02-12 07:00:00,2.867194717391478,4.045964321035152,4.076340471963897,4.0267715,4.054687087996946,4.048
2019-02-12 08:00:00,3.207235690778977,3.652747305451625,3.6800176747157876,3.6577563,3.6617425648634496,3.669
2019-02-12 09:00:00,3.324301672080647,2.523162577053049,2.6022335989446463,2.663618,2.6250066281353344,2.67
2019-02-12 10:00:00,3.0894974690691455,3.0297411914140158,3.0485209872760204,3.1698449,3.069896600844048,3.067
2019-02-12 11:00:00,3.0798331315535012,2.3650786987255916,2.3769239129763786,2.366503,2.4390579278486673,2.429
2019-02-12 12:00:00,2.607848676858699,2.8758712820700265,2.708920366231458,2.9317896,2.9393406240327713,2.895
2019-02-12 13:00:00,2.4926332101175026,3.5239898219815022,3.458855855277961,3.5445542,3.52906929105012,3.507
2019-02-12 14:00:00,2.6893018803264224,1.7193131978400917,1.5356457303252702,1.8522105,1.6405216774608218,1.615
2019-02-12 15:00:00,1.8789610056293826,2.994444269471387,2.78044908650896,2.8150573,2.867867865980945,2.855
2019-02-12 16:00:00,2.521648394496626,2.549455426469662,2.5136847299158,2.7050643,2.582911478908247,2.565
2019-02-12 17:00:00,2.6332171006831286,3.5414544136775334,3.476845273610488,3.4914353,3.525242094579613,3.497
2019-02-12 18:00:00,3.3137030627653745,3.2451715037287814,3.209732568124135,3.4277475,3.2564878489897398,3.256
2019-02-12 19:00:00,3.4119399311913465,2.455389149982824,2.3752407634811936,2.5184467,2.4869051697625135,2.485
2019-02-12 20:00:00,2.837689744707709,2.5652555512335136,2.4910833168744784,2.480076,2.486327039476996,2.497
2019-02-12 21:00:00,2.6288864318863423,2.0219388004872823,1.9765298663310729,1.938187,1.957651347352651,2.015
2019-02-12 22:00:00,2.0644694018646588,1.673612563579695,1.3453646243104065,1.4686383,1.4062500644012799,1.421
2019-02-12 23:00:00,1.8034296132868528,1.7121253642996823,1.541197275700271,1.5385637,1.5578746892756223,1.565
2019-02-13 00:00:00,1.9719380095269174,0.9988719864586543,0.8838268414415535,1.0068678,0.9727188303734751,0.988
2019-02-13 01:00:00,1.8328604114023603,2.5291317392692374,2.506209066495523,2.363837,2.5367164027658857,2.525
2019-02-13 02:00:00,2.7865939267052475,2.0061354191552234,2.1271288868518443,2.1847427,2.193605435646898,2.207
2019-02-13 03:00:00,2.7542686041157443,3.375091721862766,3.3414412253116414,3.3259413,3.375561195210715,3.373
2019-02-13 04:00:00,3.2026199711937178,2.922013868319238,2.918815361729826,3.062015,2.9884089841026533,2.998
2019-02-13 05:00:00,3.0669496249834216,2.332597208164985,2.276213205770346,2.3837128,2.3823883723894275,2.404
2019-02-13 06:00:00,2.512391054082862,1.4037710576490365,1.3982624721430832,1.4979168,1.4798609847316655,1.508
2019-02-13 07:00:00,2.1866582355533715,2.2402523533363614,2.2507809534074794,2.1466532,2.3065522632633324,2.304
2019-02-13 08:00:00,2.391621877578234,1.7460150632694453,1.742006010107632,1.7624592,1.8032849329981557,1.836
2019-02-13 09:00:00,2.5676982699639357,1.952450733187307,1.9132700475095143,1.9269327,1.9785936175591505,2.012
2019-02-13 10:00:00,2.7749914334545243,2.276068803924924,2.2490267949585374,2.3026676,2.3198174641857254,2.354
2019-02-13 11:00:00,2.8864041637202753,4.496328833732205,4.505839721522877,4.330612,4.4456135104915155,4.448
2019-02-13 12:00:00,3.773305425389023,4.418336761443811,4.3309999964361,4.2992067,4.30405188534996,4.315
2019-02-13 13:00:00,3.767439517301752,2.727090244869951,2.3839956899203676,2.609356,2.4825164406721134,2.513
2019-02-13 14:00:00,2.843111060200325,4.428923388398127,4.288864999509499,4.169124,4.27233030611097,4.271
2019-02-13 15:00:00,3.478612386540636,5.0773682735998555,5.046354235778361,4.939201,4.986609899358019,4.963
2019-02-13 16:00:00,3.919283917744449,3.0912460119418297,2.8372359290820666,3.0128746,2.914239219029239,2.955
2019-02-13 17:00:00,3.5294393435430598,1.6252301921737817,1.7683465302647616,1.8094572,1.786238326163299,1.818
2019-02-13 18:00:00,2.8886353611979136,0.0666842625842519,0.12766120604240516,0.082360886,-0.01877621411946917,0.008
2019-02-13 19:00:00,1.6841267891615592,1.651307652424592,1.6502044492803378,1.385512,1.5774359055250846,1.611
2019-02-13 20:00:00,1.936645095507068,4.258177286511551,4.411003949271752,4.038357,4.265787666002673,4.27
2019-02-13 21:00:00,2.9835397156465215,2.7673206745471703,2.647226275313272,2.8101888,2.6034366043794317,2.649
2019-02-13 22:00:00,2.6183754144932747,1.302717736433265,1.0869928885843576,1.6834972,1.1933542429234505,1.228
2019-02-13 23:00:00,2.040572857629239,1.9300886140019484,1.9962189274586253,2.1135712,2.0362498519529693,2.072
2019-02-14 00:00:00,2.1099259141902302,1.4986530802489215,1.3773085845695405,1.5314842,1.4500457529048298,1.486
2019-02-14 01:00:00,2.1795061830386535,1.1929977965785927,1.0547937679479218,1.208636,1.1375437978610412,1.173
2019-02-14 02:00:00,2.1301678817866803,2.5494565466294894,2.5293312378325012,2.6158192,2.546995083629942,2.575
2019-02-14 03:00:00,2.743477625112715,4.783529905615679,4.781457128079303,4.538284,4.688137335043135,4.672
2019-02-14 04:00:00,3.8936986233567685,1.6135461507917168,1.3754385985668316,1.8553404,1.5307878758286924,1.562
2019-02-14 05:00:00,2.664598107285155,3.1029867641560935,3.1710477777421975,3.1230268,3.1756001710363755,3.201
2019-02-14 06:00:00,2.9265480832377286,2.8983045272096404,2.9398467807263287,2.9850676,2.940643866471371,2.976
2019-02-14 07:00:00,2.8671638057672504,3.0980840722524605,3.056314602502152,2.9555542,3.061906962200356,3.094
2019-02-14 08:00:00,2.909860110050295,4.343795621602248,4.085775547406037,4.045354,4.002754664188479,4.027
2019-02-14 09:00:00,3.7034313884030285,1.4318372376964312,0.944733761125145,1.2859187,1.075582763219923,1.093
2019-02-14 10:00:00,2.462007093626257,2.1909359106054893,2.2812034897652254,2.1202068,2.1939030172407588,2.215
2019-02-14 11:00:00,2.866829080150093,1.3084609474946514,1.2930081307150445,1.2943088,1.3333026595568311,1.361
2019-02-14 12:00:00,2.1765054969661954,2.064564430134793,1.991766048409771,1.9530883,2.0555152206295255,2.078
2019-02-14 13:00:00,2.2538071485701376,2.64012929231873,2.6625412522946457,2.6789382,2.688282093638497,2.692
2019-02-14 14:00:00,2.6410427911593835,3.7928752407214072,3.7458064095865793,3.7355278,3.8308835847690026,3.809
2019-02-14 15:00:00,2.944504461028885,1.5908960731622552,1.2645884960994236,1.4816989,1.3395208928373568,1.348
2019-02-14 16:00:00,2.389911905358456,1.5561285871084096,1.768119421961568,1.5919367,1.6423423443538172,1.671
2019-02-14 17:00:00,2.28582447147974,3.325474082237885,3.1539333511819465,3.0863597,3.2022291956008337,3.239
2019-02-14 18:00:00,3.0034954600646473,2.3672562479632857,2.3004540041942123,2.4567354,2.3985273890807606,2.408
2019-02-14 19:00:00,3.0147693532893243,1.9162989992058501,2.02410817449354,2.1801727,2.0343830961176934,2.021
2019-02-14 20:00:00,2.7053006195742624,1.9682228724941682,1.8745587811762818,1.9760941,1.8417995476443307,1.859
2019-02-14 21:00:00,2.4566334318033474,1.1933640203739329,1.1160027988019396,1.1670754,1.097605092417361,1.149
2019-02-14 22:00:00,1.9048950252932164,0.7559754250060148,0.8139647012088809,0.93682176,0.8710774956148717,0.893
2019-02-14 23:00:00,1.6156680371881085,0.8644921581788295,0.5560045515054566,0.7500191,0.6098861482263165,0.643
2019-02-15 00:00:00,1.515335197449371,0.3392173390542619,-0.11906987440037842,0.349501,-0.04137003898556557,0.002
2019-02-15 01:00:00,1.2793328568344506,0.2708756464960507,0.008551601147197108,0.29055402,-0.025674362480124557,0.003
2019-02-15 02:00:00,1.4045893866204755,1.2064614407252126,0.8280540557301437,1.1128137,0.938631745018913,0.948
2019-02-15 03:00:00,1.8510915102942622,1.559226766695749,1.4791503193417483,1.6056963,1.5673209490760005,1.566
2019-02-15 04:00:00,2.2749733827895415,1.856777843581499,1.9680451387681694,2.176177,1.9522786043471587,2.004
2019-02-15 05:00:00,2.560840930922636,3.4693332622857747,3.432810355996074,3.4118333,3.4524157905417767,3.445
2019-02-15 06:00:00,3.1942114475059102,1.9301381346257005,1.5843428658346275,1.93286,1.7118329646873067,1.74
2019-02-15 07:00:00,2.6341714406017984,0.40354626941082156,0.6394187772873834,0.616806,0.5194928193096842,0.499
2019-02-15 08:00:00,1.9469073577150262,1.5870652959648246,1.6351159166648535,1.5315223,1.6635030074342645,1.685
2019-02-15 09:00:00,2.3256178740140396,0.8970759859413932,0.8322012232214817,0.97812897,0.8574107531186539,0.909
2019-02-15 10:00:00,2.1657314390304805,1.6103412704908546,1.5818311576292228,1.5619009,1.6170530408981563,1.636
2019-02-15 11:00:00,2.5721652865783784,4.451223317285804,4.6417401159931195,4.544636,4.5200264811889745,4.55
2019-02-15 12:00:00,3.9106944910758568,4.273627527685737,4.006034670279346,4.0905404,3.970912825273855,3.992
2019-02-15 13:00:00,3.9612738433746815,5.1621773733905965,5.015088183767263,4.996257,5.025471383657885,5.04
2019-02-15 14:00:00,4.407095870150481,2.9575767214862054,1.9906251743173704,2.358721,2.1301414576901543,2.148
2019-02-15 15:00:00,2.985052178802616,5.2334512488842355,4.940263233458052,4.764976,4.977502416076786,4.981
2019-02-15 16:00:00,3.901365690597359,1.6729106212713518,1.2452029654151233,1.5107405,1.3364776901090778,1.291
2019-02-15 17:00:00,2.5842625853680783,4.125254726163243,4.177540527291323,3.8424237,4.173911308970373,4.19
2019-02-15 18:00:00,3.5069086083478056,2.4987338755373507,2.146921437171255,2.4494457,2.2246980198926054,2.278
2019-02-15 19:00:00,3.226501504459127,3.0393346884913184,3.154523300618179,2.987642,3.1649089255711877,3.2
2019-02-15 20:00:00,3.1327786004032134,4.3456155027311905,4.406139210872474,4.2887974,4.296907380768204,4.333
2019-02-15 21:00:00,3.851465197867946,7.5269258803430334,7.716185554732335,6.98701,7.558574172324733,7.6
2019-02-15 22:00:00,4.986806139497142,4.872241553202474,5.1415027811315674,4.9117923,4.972000345734935,5.015
2019-02-15 23:00:00,4.4508356898354435,4.496186517219957,4.076604366011073,4.128866,4.098577007584467,4.144
2019-02-16 00:00:00,3.6814842559141736,4.173861466687089,3.9662769868571868,3.9808385,3.9627766944212537,4.012
2019-02-16 01:00:00,3.49557223552163,2.1828522085357305,1.879160779700792,2.0295398,2.010497953829125,2.031
2019-02-16 02:00:00,2.6070155260520003,1.100468854882505,0.5106988360811364,0.819718,0.5424601194815657,0.548
2019-02-16 03:00:00,1.819710928817734,1.2522790411309068,0.5701370499028156,0.77492386,0.5329017228088229,0.572
2019-02-16 04:00:00,1.4119674202674368,1.0960287259831887,0.7818986908407342,0.90006053,0.8368102547400931,0.865
2019-02-16 05:00:00,1.5334332846313485,2.017436839543975,2.0071312955666274,1.9085114,1.9342087172180185,1.96
2019-02-16 06:00:00,1.7230042083280148,2.0866169514790087,2.1106394513178204,2.345128,2.0842159850614133,2.138
2019-02-16 07:00:00,2.007383168144802,0.39617289186503685,0.39005088466354776,0.98157835,0.48534184734402075,0.492
2019-02-16 08:00:00,1.2942628525629873,1.3547356558184636,1.3539578606878415,1.5778378,1.355015244378173,1.395
2019-02-16 09:00:00,1.6705844374646552,1.2127279999000213,0.862411399661039,1.263209,0.9465296240796455,0.979
2019-02-16 10:00:00,1.6749674683991957,0.6801565559805691,0.42950325688861635,0.6775179,0.4927975541535903,0.493
2019-02-16 11:00:00,1.8081362480915784,2.093191787946604,1.7188583266113715,1.8231436,1.7767904038227795,1.795
2019-02-16 12:00:00,2.4163909648285595,1.3587508563249115,1.3182235816815147,1.4008998,1.3179584239350048,1.347
2019-02-16 13:00:00,2.353957618363207,1.9878794599756513,2.0301656951920446,2.12504,2.1432842861488517,2.14
2019-02-16 14:00:00,2.6319084519577083,3.968212994372495,3.8859010364077133,3.8459356,3.862655674858099,3.906
2019-02-16 15:00:00,3.3666423112630777,4.390162724430668,4.559885260293903,4.4854856,4.409958675551408,4.411
2019-02-16 16:00:00,3.684821356633404,2.3638253343835043,2.138227951142908,2.5033433,2.171855677464703,2.183
2019-02-16 17:00:00,3.0719011770619136,3.937368454462572,3.857437123086434,3.7623665,3.8637612806690913,3.857
2019-02-16 18:00:00,3.515221806593736,2.9456493009489293,2.7406604883292442,2.8155887,2.750291558333238,2.796
2019-02-16 19:00:00,3.3799048575115638,3.928284641305814,3.880098638740458,3.9648447,3.8921390684795814,3.886
2019-02-16 20:00:00,3.8162443320158266,2.8666074120513674,2.9732379860810934,3.0840895,3.042082516372516,3.03
2019-02-16 21:00:00,3.549195565304655,3.537558929293822,3.4196148951558016,3.407633,3.5022833720063153,3.48
2019-02-16 22:00:00,3.379746379576047,2.6032883834997826,2.6388383237257997,2.679976,2.6289309880355196,2.65
2019-02-16 23:00:00,2.941125976906847,2.3077426395189993,2.2144589170411573,2.3555484,2.3091622470484485,2.302
2019-02-17 00:00:00,2.335141154375962,0.730754287124664,0.7178728144090041,0.76923746,0.7387170515927588,0.766
2019-02-17 01:00:00,1.707965875726836,2.210818728206151,2.2192638680184773,2.0210977,2.1679821263371872,2.219
2019-02-17 02:00:00,2.0949676313563512,6.772771379118828,6.905687802336471,6.421567,6.808655051247708,6.913
2019-02-17 03:00:00,4.681895698798636,1.8676117747944332,0.9711428052485589,1.38432,0.7300607817301543,0.534
2019-02-17 04:00:00,2.5840902548373936,0.9123371503778044,1.1458604548641236,1.0872763,0.593948386246085,0.589
2019-02-17 05:00:00,2.059691597734569,1.0188710259198883,0.6214836538876329,0.86896527,0.5388256805287583,0.564
2019-02-17 06:00:00,1.4656970076175126,1.0598422194574821,0.8614829676573257,0.8566508,0.9001023344607744,0.938
2019-02-17 07:00:00,1.3126150444806228,0.2477702621975825,-0.12359188491764117,0.61144,-0.04314004623287815,0.0
2019-02-17 08:00:00,1.1116563297270208,0.1866199194279389,-0.05925053488562515,0.44401076,-0.027894594574126685,0.0
2019-02-17 09:00:00,0.8900578113205633,0.47590320016610327,-0.10831511028632557,0.61886376,-0.04949258845971016,0.0
2019-02-17 10:00:00,1.2878165772369439,0.9667091044411436,0.6833369388621975,1.1643107,0.7310386231353814,0.768
2019-02-17 11:00:00,1.7083902314425694,1.0208126873599561,0.7019348023229395,1.2475519,0.782187934231876,0.821
2019-02-17 12:00:00,1.9230382111355373,3.0991199354784382,3.185540757765752,3.3042743,3.160367694167764,3.181
2019-02-17 13:00:00,3.2212063625765044,2.528862442153931,2.4046599660710855,2.7121038,2.472473557324429,2.494
2019-02-17 14:00:00,2.9438389532301192,2.5492594899894048,2.3454020202650945,2.5157692,2.387437700483537,2.415
2019-02-17 15:00:00,2.947379174255779,5.521505036428627,5.456274951573324,5.2689314,5.3644328737491875,5.371
2019-02-17 16:00:00,4.255997735665693,3.8570911066229012,3.7008527067954615,3.810764,3.6748371903165715,3.703
2019-02-17 17:00:00,3.775107870573142,3.4916143072719636,3.4926098031735,3.600465,3.550851355070212,3.568
2019-02-17 18:00:00,3.9737633729584942,4.123948550521863,4.086735996642833,4.099107,4.09820976501782,4.136
2019-02-17 19:00:00,4.053937896272665,2.936062394181343,2.6452120813622746,2.7880356,2.752834065935141,2.79
2019-02-17 20:00:00,3.4874474941588414,2.155576835303666,2.019056965612507,2.018575,2.045033448824979,2.092
2019-02-17 21:00:00,2.964588317928461,2.1181845738890304,1.944990531934784,1.8941413,1.9821013546563662,2.02
2019-02-17 22:00:00,2.358259538037193,2.037470389721012,1.8824906134172412,1.7999325,1.8985327275818706,1.942
2019-02-17 23:00:00,2.308166261385863,1.42501136833651,1.0570642868837128,1.1962745,1.1646151501645496,1.208
2019-02-18 00:00:00,1.7569302223424463,1.9735089419913492,1.8890847092172356,1.9951949,1.938621868918374,1.927
2019-02-18 01:00:00,2.0228660667096725,1.681282003023774,1.5567728901159055,1.6365163,1.5756829345380416,1.543
2019-02-18 02:00:00,2.211495631630121,1.0083940653119128,0.922302594290842,0.7768715,0.9702372488328797,0.76
2019-02-18 03:00:00,1.756874998895167,7.489522794948012,7.047011372468717,7.0393834,7.602534731713771,7.78
2019-02-18 04:00:00,5.051039091739742,1.7971468751757222,1.540149288509705,1.4310522,0.6933435122109337,0.363
2019-02-18 05:00:00,2.546083590230948,0.41502401938703365,0.8591621154495055,0.7548782,0.23890747710228588,0.11
2019-02-18 06:00:00,1.6581010990115734,1.6043042311704365,1.4551494166805972,1.883483,1.40871764945713,1.45
2019-02-18 07:00:00,1.8342705494761653,1.225727681048517,0.7736657469927393,0.95608836,0.8618896729350276,0.907
2019-02-18 08:00:00,1.3419548154675882,0.5818308625105781,-0.10198623191592548,0.8474749,-0.00939453832269499,0.023
2019-02-18 09:00:00,1.5908197157387194,0.8303840855457814,0.1811089767429308,1.1307375,0.23559033799213736,0.264
2019-02-18 10:00:00,1.2080797360958895,0.6184344764467012,-0.08567733409542977,0.5665756,-0.03227957023955974,0.002
2019-02-18 11:00:00,1.579168325213685,1.55070538378689,1.1846278332558495,1.6488746,1.2337718065064096,1.262
2019-02-18 12:00:00,2.0734370605634074,2.502704582373953,2.452980291828069,2.6473587,2.4529679672406535,2.474
2019-02-18 13:00:00,2.4996480147702806,2.258081217420223,2.043510818265715,2.2560236,2.029189984069597,2.069
2019-02-18 14:00:00,2.823605364910234,2.225044420148036,2.161355870557032,2.3492436,2.2624915305291307,2.259
2019-02-18 15:00:00,2.646893406203681,2.007054244915761,1.9256660962784014,1.9731272,1.9696153643640812,1.99
2019-02-18 16:00:00,2.5206455726119827,1.4468750066707463,1.2484468301521425,1.2970119,1.24541492647856,1.302
2019-02-18 17:00:00,2.5006123599580734,2.597950931474368,2.4324364661208326,2.3655145,2.491150480227849,2.499
2019-02-18 18:00:00,2.8034345279917767,2.4295376495748466,2.565200840021574,2.5184882,2.570137656806474,2.608
2019-02-18 19:00:00,3.273998211338287,2.3584374534048456,2.1993243318383286,2.3020213,2.2691685661814267,2.325
2019-02-18 20:00:00,3.079224170395141,2.1750300341413946,2.1072308497330705,2.2468734,2.1831069600069575,2.223
2019-02-18 21:00:00,2.965302540655131,1.9467408313567673,1.7999762098257168,1.914369,1.875747038717265,1.904
2019-02-18 22:00:00,2.526975604961617,1.8680080526820293,1.533351799891678,1.6782318,1.6076941222650838,1.648
2019-02-18 23:00:00,2.1995646630308956,1.2871423387593959,0.9243153337838246,1.2205609,1.0004560624144405,1.038
2019-02-19 00:00:00,1.926910774819762,1.7490394525869353,1.5257960198072165,1.6378728,1.5544895101713245,1.588
2019-02-19 01:00:00,2.1172325081234344,0.7401571622615775,0.7035725987746755,0.7945795,0.48711914485744323,0.381
2019-02-19 02:00:00,1.761244063886047,0.5708815957009507,0.051470437447610484,0.45595676,0.2493691497167354,0.005
2019-02-19 03:00:00,1.6693879058060341,0.2657364258868207,0.6332520187807167,0.061266076,0.17065367004248433,0.0
2019-02-19 04:00:00,1.4287362747421792,0.5785073778347695,0.9337012621696517,0.7734091,0.06595904161839994,0.273
2019-02-19 05:00:00,1.4868779767423301,2.586009332035756,2.2657626608555015,2.1945207,2.083995877590719,2.215
2019-02-19 06:00:00,2.3153348872438086,1.0625023303490644,0.21771952313263476,1.1809765,0.4067707965150489,0.32
2019-02-19 07:00:00,1.6558499251779142,0.6326116677928061,0.02199326691572434,0.8768685,-0.011493214470523316,0.004
2019-02-19 08:00:00,1.4248542274782068,2.421337612336376,2.6991027645463586,2.9644022,2.628343531067074,2.668
2019-02-19 09:00:00,2.6412247812899663,1.6805482532327667,1.3508278649706003,1.8703854,1.4348119890841557,1.47
2019-02-19 10:00:00,2.5239833693239984,2.850945061937819,2.866193930646327,3.2751036,2.8660758833620843,2.904
2019-02-19 11:00:00,3.411944079314431,3.3763720310581227,3.2096679840988718,3.6300473,3.242777991210183,3.277
2019-02-19 12:00:00,3.625300699451783,4.517502592444946,4.458883174579663,4.368119,4.422655397632935,4.446
2019-02-19 13:00:00,4.223079737398197,3.573943100823575,3.0311292964534315,3.3606606,3.1172395312519567,3.167
2019-02-19 14:00:00,3.678554072968457,1.4871940407709046,1.3042427887674077,1.4701294,1.345604673020337,1.364
2019-02-19 15:00:00,2.4378384439973693,2.1938664454177723,2.106161836773795,2.0392456,2.094115623715387,2.139
2019-02-19 16:00:00,2.60955002468072,3.2077555670793036,2.9701609532168565,2.854371,2.961945559196101,2.998
2019-02-19 17:00:00,2.83911048688761,2.5927347321284637,2.138438219832083,2.2244747,2.2012067965494753,2.236
2019-02-19 18:00:00,2.8638225976338156,2.4302630518326422,2.070671092468244,2.2784195,2.1227754536976584,2.168
2019-02-19 19:00:00,2.9629025360048518,3.045526476249709,3.085491350421405,3.0569336,3.0848169227541193,3.125
2019-02-19 20:00:00,3.138470099130825,2.9433313814066655,2.638572944608735,2.6947386,2.6819376207983057,2.725
2019-02-19 21:00:00,3.062022173113931,1.5339322294870283,0.9726441059578432,1.3208936,1.1085350152922757,1.125
2019-02-19 22:00:00,2.085887897175125,0.17012284660865698,0.004026320785768256,0.27082348,-0.017087232906051852,0.0
2019-02-19 23:00:00,1.215642098971429,0.29260612346438486,0.019619814988795836,0.26506844,-0.024472589901862074,0.001
2019-02-20 00:00:00,1.015116904207767,0.23973556131746077,-0.04599621985878666,0.28006458,-0.029835249951778886,0.002
2019-02-20 01:00:00,1.0351590327307334,1.7019228232925343,1.819683695512166,2.118789,1.7346171549841514,1.789
2019-02-20 02:00:00,2.1798765754333753,0.8036385544783434,0.38482055089830736,1.3379608,0.5299756621948499,0.543
2019-02-20 03:00:00,1.9612711865899906,0.556564754773457,-0.03324648575115008,0.82800287,0.01769437384584993,0.005
2019-02-20 04:00:00,1.6610200265093402,0.5598790192954154,0.04717272126694638,0.9427746,0.03212331325250428,0.004
2019-02-20 05:00:00,1.4570411026080785,2.307344824301488,2.4954317895363474,2.5310407,2.3902705490192115,2.431
2019-02-20 06:00:00,2.211951660904662,1.3712136716755436,0.8759477370941706,1.6076975,0.8920540092322988,0.958
2019-02-20 07:00:00,2.0092519744156023,0.6554888607763383,0.6228268811812137,1.1757249,0.629910610508742,0.612
2019-02-20 08:00:00,1.793281333721162,1.378687031150078,1.1231179673496425,1.5026007,1.1422493627433787,1.171
2019-02-20 09:00:00,2.187016256054628,2.2679775369212676,2.122985795775885,2.2635522,2.136242158612001,2.182
2019-02-20 10:00:00,2.8134953186046627,3.1012476938511586,3.125352228727723,3.1487982,3.1608597442638424,3.166
2019-02-20 11:00:00,3.5657977476185625,4.01756367894054,3.92045879289838,4.0109854,3.9242905988758867,3.951
2019-02-20 12:00:00,4.036102156834668,4.457772659958867,4.18814140937549,4.162052,4.155853610234327,4.179
2019-02-20 13:00:00,4.148344928382239,2.5772132936876924,2.1206826764577937,2.338161,2.195017749427161,2.248
2019-02-20 14:00:00,3.097001360461911,1.8707794089569811,1.802874798824794,1.7783355,1.769347952411374,1.801
2019-02-20 15:00:00,2.502514875211413,3.5215161631443723,3.5194706413048746,3.343818,3.515605008878405,3.545
2019-02-20 16:00:00,3.092339652650649,2.6587136278916765,2.1913013185654333,2.2645752,2.2580954013994283,2.295
2019-02-20 17:00:00,2.882869204165746,3.7938588061537475,3.4992335473342067,3.4499907,3.4965505205414784,3.525
2019-02-20 18:00:00,3.542822897497843,2.6764062131584283,2.2249600540984242,2.4668286,2.335705101553629,2.37
2019-02-20 19:00:00,3.1839575386413914,3.5546066174029485,3.5426106123027417,3.3778312,3.542280159033237,3.571
2019-02-20 20:00:00,3.451116501719927,3.0588239883426316,2.77714576674284,2.8581295,2.8014554375719776,2.84
2019-02-20 21:00:00,3.0903386974025566,1.9518962050067092,1.6070257379392276,1.8140177,1.698561897246917,1.749
2019-02-20 22:00:00,2.1757160482219646,1.161892313060958,0.9455530103359688,1.3497419,1.006069785099406,1.029
2019-02-20 23:00:00,1.781070380539425,1.3432006161925827,1.2567532771351746,1.5142984,1.3217236092991906,1.35
2019-02-21 00:00:00,1.644511333670506,1.8439342353299892,1.5878824178676396,2.009002,1.6202231561802716,1.655
2019-02-21 01:00:00,2.1379880840226497,1.9978911771114094,1.7113342585247495,2.065016,1.6982622081681575,1.731
2019-02-21 02:00:00,2.421616504825383,2.0613902462856055,1.7492100366405077,2.3515873,1.7535132867467698,1.811
2019-02-21 03:00:00,2.5533520784128867,2.218433505058565,2.2539905061518346,2.6174502,2.380330285047408,2.411
2019-02-21 04:00:00,2.8020706170243113,1.1749249581702956,0.822184236864449,1.4975193,0.9180598252457468,0.862
2019-02-21 05:00:00,1.960534512723773,1.9031307732400082,1.6965539911163863,1.8961002,1.6447052356851988,1.68
2019-02-21 06:00:00,1.9597987574232643,2.6698461987669613,2.6948750924721128,2.9039729,2.6380595606459205,2.684
2019-02-21 07:00:00,2.4884085082956457,1.8192760709262505,1.876006643242738,2.1082125,1.9277209663339758,1.963
2019-02-21 08:00:00,2.3764446453784096,1.2939563783246522,1.0363052411214615,1.5233153,1.1333111004565346,1.161
2019-02-21 09:00:00,2.3852838371134926,1.6310826312515017,1.4365157817273482,1.6455152,1.4896844718791176,1.527
2019-02-21 10:00:00,2.4095367341995653,1.7586075435066897,1.6318201033194724,1.715618,1.7044207006454881,1.742
2019-02-21 11:00:00,2.6468418239249942,3.8179210708046094,3.80152637254574,3.6312277,3.779548466075873,3.784
2019-02-21 12:00:00,3.462850629027824,2.329394926453819,2.022269401596383,2.2535226,2.1153364765009686,2.155
2019-02-21 13:00:00,2.809537000790753,2.8848175302323718,2.836413882190926,2.8878298,2.885501928464093,2.933
2019-02-21 14:00:00,2.945813745167896,2.5415535944248697,2.577776086014264,2.636065,2.57969197621648,2.603
2019-02-21 15:00:00,2.7473179126685427,1.4750112984720085,1.239665816346995,1.3377386,1.3368753219550418,1.359
2019-02-21 16:00:00,2.159236749649964,0.7243433564040851,0.5723185549935441,0.7372702,0.5574150886544804,0.593
2019-02-21 17:00:00,2.000371630521081,1.8003865768461134,1.8376741995025707,1.739753,1.8810931995823603,1.902
2019-02-21 18:00:00,2.3255558753797976,3.3032557950635804,3.288933143613966,3.1428015,3.234522893507239,3.26
2019-02-21 19:00:00,3.3355180714511796,1.2061878402254809,1.0175612419897884,1.2946782,1.1512672398471757,1.164
2019-02-21 20:00:00,2.446249205610336,2.0005168784280927,2.105649318461848,2.1783,2.0587164945812835,2.106
2019-02-21 21:00:00,2.5116968791606213,0.9869158868921687,0.8030426848521248,1.1069801,0.9305980842234876,0.974
2019-02-21 22:00:00,1.8394950301567012,2.0287773085302234,2.041806285390547,1.9898144,2.041393604985803,2.079
2019-02-21 23:00:00,2.078141927969752,0.4244362614901712,-0.1476508668377874,0.5205503,0.013999700796900605,0.021
2019-02-22 00:00:00,1.4726104451783157,1.6219531465690964,1.5530675885437384,1.6483601,1.5463857366211868,1.583
2019-02-22 01:00:00,2.083672911156423,1.545241895262685,1.4309789608448202,1.7647215,1.494802862633474,1.541
2019-02-22 02:00:00,2.4676409106732073,0.5920770160517735,0.3760979186476052,0.74668723,0.4507418017864886,0.46
2019-02-22 03:00:00,2.05583515454422,1.0331678992336175,1.003152389093576,1.3078107,1.0027603178132631,1.044
2019-02-22 04:00:00,2.1466349763352124,3.3752704722451883,3.5370244457790214,3.4753222,3.4931229752976147,3.521
2019-02-22 05:00:00,3.045358084148305,3.226502326809062,3.0997019444199583,3.1945686,3.0646890625418597,3.088
2019-02-22 06:00:00,3.083438499890757,3.6008802111215474,3.2970785864350707,3.5204487,3.2876163563360694,3.321
2019-02-22 07:00:00,3.2670482152777027,3.1722328726632707,3.0494189410526507,3.2596922,3.0583280080633473,3.103
2019-02-22 08:00:00,3.267812555843998,3.339872363594864,3.4024608995216483,3.377948,3.409092253262211,3.446
2019-02-22 09:00:00,3.5480561695011588,2.150672798661293,1.736499173753272,2.001339,1.8740675887974234,1.901
2019-02-22 10:00:00,3.0459952187224144,3.160745015739345,3.108319283470181,3.082069,3.1551937889738793,3.185
2019-02-22 11:00:00,3.371890273408371,3.7557706566667943,3.5020067240078294,3.4368572,3.49863406689592,3.526
2019-02-22 12:00:00,3.6024673794553763,3.7903324507933966,3.6715919379093522,3.6488512,3.663696131591607,3.708
2019-02-22 13:00:00,3.466050863912292,1.9761543814946405,1.522552096072186,1.7708366,1.638144255330749,1.651
2019-02-22 14:00:00,2.4978883178694296,4.52494532271483,4.745533108451021,4.351793,4.617292633817916,4.639
2019-02-22 15:00:00,3.3894750825084956,3.9684763532080076,3.833206659488035,3.8141499,3.7624890557445796,3.806
2019-02-22 16:00:00,3.3933621659290583,2.0673662563879067,1.5466894784723388,1.8449687,1.6834586873066217,1.699
2019-02-22 17:00:00,2.571914496090632,2.357065418843913,2.167427185291716,2.3800294,2.248983683254939,2.273
2019-02-22 18:00:00,2.764484607947365,1.8316626392327562,1.630811501469211,1.6542821,1.7107052443151627,1.728
2019-02-22 19:00:00,2.343810908985378,1.9998656346292556,2.098789389218762,2.0767376,2.064265124988796,2.119
2019-02-22 20:00:00,2.555279034861877,1.0270987635270254,1.0119531577273748,1.2424089,1.1266682331650997,1.145
2019-02-22 21:00:00,1.9057223453182706,0.3914434943832429,0.14313059011760765,0.6280661,0.15843411823697173,0.15
2019-02-22 22:00:00,1.2467580454491478,0.7253356724326435,0.611022715776127,0.7810953,0.6371026652001244,0.669
2019-02-22 23:00:00,1.27263084848563,1.2402754048197422,1.0736368416180115,1.4617926,1.0755240102593115,1.127
2019-02-23 00:00:00,1.4704933749067068,1.1106024904465042,1.0963476139443395,1.4211186,1.144483624540496,1.169
2019-02-23 01:00:00,1.8993774826792575,1.8930075152632522,1.7221302021628409,2.2625144,1.7289768631724216,1.771
2019-02-23 02:00:00,2.3847230831416106,1.2472542110102647,1.0211099972976725,1.5379236,1.1323851505549407,1.178
2019-02-23 03:00:00,2.2471941114163556,1.5181488082182513,1.4621727772438553,1.6681231,1.4516504407620587,1.464
2019-02-23 04:00:00,2.458298034233738,1.6234908037258828,1.4170054407150574,1.6365438,1.4825254149863016,1.515
2019-02-23 05:00:00,2.2246571753262314,0.7825962016136826,0.4722814835831115,0.7262732,0.5010849211453232,0.546
2019-02-23 06:00:00,1.769943275462557,0.6868596867436357,0.632118388991237,0.68237174,0.6532667064775717,0.688
2019-02-23 07:00:00,1.6808261931097597,0.5076095565240916,0.3048314934794394,0.41336742,0.3217449247992128,0.354
2019-02-23 08:00:00,1.5082373026685412,0.3284691108064136,0.04762567685117114,0.17720778,0.0926834944562609,0.135
2019-02-23 09:00:00,1.5806107345974378,1.6979888786552206,1.5267759213930112,1.563982,1.5290837112820082,1.572
2019-02-23 10:00:00,2.3054505183325373,1.5921157449488303,1.436675192291696,1.5607555,1.5206421210394465,1.548
2019-02-23 11:00:00,2.5312904956760516,2.968527602781976,2.8624702255980754,2.9395394,2.8619155528965106,2.893
2019-02-23 12:00:00,3.237674808668165,2.6997249386397413,2.526645592563343,2.673552,2.56092891709712,2.585
2019-02-23 13:00:00,3.0823897279694794,3.44044476505116,3.3963079305930197,3.401756,3.3960894502595185,3.414
2019-02-23 14:00:00,3.4184841747861023,3.5334135667051885,3.4389831405878315,3.4910662,3.5189790363888855,3.522
2019-02-23 15:00:00,3.507055555349675,4.084146616220656,4.023423363870826,3.9392397,4.014129434591618,4.027
2019-02-23 16:00:00,3.7612062928616288,2.905394044844891,2.761935049710588,2.9350727,2.839280271285701,2.871
2019-02-23 17:00:00,3.5486876256278377,4.834880101245919,4.960713302245415,4.7676616,4.912337470751129,4.928
2019-02-23 18:00:00,4.294393307383288,3.6114495160856666,3.3279032267663182,3.4565506,3.37347317379259,3.412
2019-02-23 19:00:00,3.8768207578344462,5.032813723194511,4.780126947400015,4.480205,4.706734850852024,4.741
2019-02-23 20:00:00,4.215350311759476,2.846608307123275,1.9870091987536385,2.4543335,2.157794159415726,2.19
2019-02-23 21:00:00,2.9684252879349207,1.546134099956688,1.2987576580131037,1.358395,1.2663417002884363,1.285
2019-02-23 22:00:00,2.001285427112439,1.3472304367047947,0.9997745940879956,1.2351493,1.0113769703100708,1.039
2019-02-23 23:00:00,1.6427860585298208,1.168806535714267,0.7508120087724255,1.0113293,0.8178794709291128,0.859
2019-02-24 00:00:00,1.3415491147521557,0.8506758401657332,0.46076118382570797,0.92125756,0.5145256085876049,0.555
2019-02-24 01:00:00,1.5362720260791918,2.2297420332710196,2.3476655428618134,2.4216037,2.307785488145842,2.334
2019-02-24 02:00:00,2.306520204695919,6.271180922018173,6.430615098525952,6.003437,6.263472776564815,6.285
2019-02-24 03:00:00,4.522192496090149,2.1262158682977597,1.6437522081594782,2.258301,1.614330071239685,1.573
2019-02-24 04:00:00,2.9589786295054576,2.8286973171636633,3.051947038767042,3.2140572,2.971926188862147,3.02
2019-02-24 05:00:00,3.019055569061723,1.23756732042381,0.8875848729767197,1.507959,1.053709471115556,1.065
2019-02-24 06:00:00,1.9662440374261074,0.959539627244396,0.8936491592365206,0.9149681,0.8879528596764736,0.916
2019-02-24 07:00:00,1.5184189880669978,0.5829268206717223,-0.13795149047049393,0.6357486,-0.02513889424196214,0.0
2019-02-24 08:00:00,1.3205504360178482,0.6177111305263906,0.021185987920337768,0.51106346,0.04837631606850734,0.07
2019-02-24 09:00:00,1.227755197544,1.3364271310683786,0.7528156802545185,1.1515973,0.7947598781775449,0.832
2019-02-24 10:00:00,1.9446618935363538,1.072104710630644,0.5835783125420244,1.1541197,0.6822688957946546,0.72
2019-02-24 11:00:00,1.8632032239844838,1.616296610980771,1.4942540305741998,1.7114426,1.5427486265113393,1.575
2019-02-24 12:00:00,2.207831245937763,1.8022904108205984,1.598686060311179,1.8936815,1.6657603803066596,1.709
2019-02-24 13:00:00,2.2800799173363164,1.4628432551248187,1.2876057087968826,1.4506156,1.381153182412,1.415
2019-02-24 14:00:00,1.9276620363859052,2.2114308627247237,2.056199291118688,2.1096308,2.092543742623698,2.119
2019-02-24 15:00:00,2.4162276966101084,2.898156664541647,2.958109869150669,2.9344091,2.9621962291723642,2.973
2019-02-24 16:00:00,3.030821110485423,2.1470722913860487,2.14829036937401,2.2827303,2.230480934856761,2.255
2019-02-24 17:00:00,3.088260613383805,3.1265985399667238,3.0721885037532415,3.1211565,3.1259584054370277,3.139
2019-02-24 18:00:00,3.6864055196449885,2.8271169424900044,2.8160978605362414,2.8571484,2.8485969106361995,2.884
2019-02-24 19:00:00,3.4995336970878514,1.6478318973692239,1.6079282487354822,1.5895128,1.599484964330283,1.62
2019-02-24 20:00:00,2.801366922284597,1.7253209742276734,1.7396270349112326,1.7151035,1.6771954268469749,1.747
2019-02-24 21:00:00,2.3369983151087528,1.0891660879464664,0.6978421011800089,0.8644583,0.7870231583246952,0.798
2019-02-24 22:00:00,1.6399779065245772,0.9389900550344816,0.473713184962707,0.732558,0.5161175473326827,0.538
