;ARMA;ELM;ARMA+ELM;MLP;ARMA+MLP;ACTUAL
06/02/2019 09:00;6.159699929;17.16746529;14.42436009;8.727994;16.92939712;15.24
06/02/2019 10:00;15.14140746;49.81433923;51.7385553;41.738693;46.52776763;52.55
06/02/2019 11:00;25.10249099;14.78612856;16.66712649;9.560196;16.38891753;13.85
06/02/2019 12:00;7.317318506;6.302086228;5.384290044;6.713216;4.630550928;5.481
06/02/2019 13:00;8.886877638;3.641405294;2.188839104;1.6025095;2.874641043;2.697
06/02/2019 14:00;4.468643054;4.27429201;4.469388498;-1.097869;6.651262149;3.505
06/02/2019 15:00;7.078499173;4.698914001;4.374813053;9.457834;4.570513104;4.381
06/02/2019 16:00;3.974999446;7.335873357;7.348156455;10.378922;7.29884817;7.27
06/02/2019 17:00;3.721239479;6.690760886;5.960400052;10.461739;3.783869179;6.426
06/02/2019 18:00;8.127936876;5.473209647;5.930119641;2.579926;-0.953646147;5.547
06/02/2019 19:00;5.146704507;5.77196351;5.551357783;-5.253375;9.747628046;6.002
06/02/2019 20:00;10.02116715;5.181855961;4.943630533;6.07841;6.691312188;4.799
06/02/2019 21:00;4.294268411;3.405139694;5.071545086;7.3024178;6.791672509;4.743
06/02/2019 22:00;4.83977508;2.807344821;3.784283881;12.687695;4.959110255;4.532
06/02/2019 23:00;7.984498079;4.801279291;2.456269393;5.869789;3.423361834;3.931
07/02/2019 00:00;4.596378963;7.45817667;6.651163608;5.1066117;7.628008526;6.216
07/02/2019 01:00;5.17479658;7.809872544;8.796303782;13.249363;7.954623698;7.88
07/02/2019 02:00;4.999706007;5.346262919;5.479064901;7.0352325;7.653672911;5.535
07/02/2019 03:00;4.192784064;8.81650314;5.97158392;6.400091;6.938210242;5.496
07/02/2019 04:00;7.074519873;5.587044156;5.926606377;6.6829863;8.343061209;5.834
07/02/2019 05:00;5.97681098;5.492494204;5.637685762;6.4297895;6.441216039;5.416
07/02/2019 06:00;3.577000507;4.271964369;4.432882323;5.1800504;4.670254596;4.167
07/02/2019 07:00;6.20637021;5.436485817;3.710816517;5.5080614;6.725193834;4.074
07/02/2019 08:00;6.513109669;5.189625222;3.327854368;6.0145826;5.549982533;4.683
07/02/2019 09:00;5.997288308;6.065285768;4.944496245;5.0620627;4.688593468;3.706
07/02/2019 10:00;5.36581382;4.145716498;4.422085635;4.9820137;5.862775414;4.002
07/02/2019 11:00;3.490625293;5.252990809;5.742595503;6.402172;5.866449267;5.338
07/02/2019 12:00;6.003408813;6.580763893;6.225165018;6.895381;7.723421477;6.094
07/02/2019 13:00;7.19852789;4.337804065;4.095451465;5.991009;6.144475537;3.52
07/02/2019 14:00;3.143631434;7.030680792;6.609498871;6.986526;6.433798289;6.657
07/02/2019 15:00;5.147952693;5.968173689;5.643708432;6.814651;6.573199885;5.519
07/02/2019 16:00;5.221104305;7.140133546;7.07439349;8.582203;7.697004955;6.932
07/02/2019 17:00;6.75356812;5.808843257;5.399237661;7.051901;7.167977758;5.583
07/02/2019 18:00;6.992439738;5.451954202;5.640709059;6.8379755;6.57798051;5.295
07/02/2019 19:00;4.439143334;5.752488786;5.402060243;6.8226976;5.833846245;5.462
07/02/2019 20:00;5.076984889;5.75425314;5.657627442;6.6035695;6.221035487;5.328
07/02/2019 21:00;7.311574916;5.126478024;4.934929457;5.641605;6.664335231;4.57
07/02/2019 22:00;6.088045483;6.439978901;5.976920078;7.3785;6.39872778;6.078
07/02/2019 23:00;5.269531827;6.226719502;5.930342376;6.7534575;6.350563626;5.779
08/02/2019 00:00;5.081196904;6.643909104;6.409097871;7.423261;6.552708745;6.324
08/02/2019 01:00;5.425927684;4.731631174;4.197857177;5.039141;5.531819866;4.263
08/02/2019 02:00;6.53583558;4.676694291;4.27105686;5.7307267;5.834810571;4.101
08/02/2019 03:00;5.066934214;4.794605615;4.210403092;6.0889387;4.791467295;4.268
08/02/2019 04:00;3.153533539;4.546037764;4.186759046;5.322961;4.719201645;4.088
08/02/2019 05:00;5.211446207;4.54962865;4.377836923;5.8228426;5.561171931;4.147
08/02/2019 06:00;6.023105667;4.738348366;4.219681644;5.622626;5.338489578;4.062
08/02/2019 07:00;5.462126141;5.18149759;4.92494426;6.106368;5.680254345;4.799
08/02/2019 08:00;5.230656973;5.618287699;5.294860594;6.347915;5.61621987;5.143
08/02/2019 09:00;4.176408256;5.226950032;5.001264554;5.932407;5.786355461;4.889
08/02/2019 10:00;6.320574932;4.780587102;4.451647244;6.188906;5.98602026;4.204
08/02/2019 11:00;6.474926044;4.919320057;4.604526669;6.432173;5.746240665;4.449
08/02/2019 12:00;4.136157666;7.145341363;6.762283328;8.035761;6.932759915;6.829
08/02/2019 13:00;5.260559344;5.410518936;5.270047069;6.5834174;5.839914584;4.959
08/02/2019 14:00;5.16281946;6.48741443;6.21559613;7.293692;7.471205309;6.172
08/02/2019 15:00;6.729413122;7.090902363;6.995423723;8.211627;8.065445989;6.947
08/02/2019 16:00;6.74302794;6.556339164;6.431675147;7.484527;7.257489457;6.357
08/02/2019 17:00;4.68825545;6.14631616;5.910275072;6.883222;6.395532748;5.931
08/02/2019 18:00;5.446687896;5.589187262;5.191835852;6.3852673;6.433942992;5.068
08/02/2019 19:00;6.842786947;6.625693985;6.410236985;7.4532566;7.793049016;6.243
08/02/2019 20:00;6.633283034;5.875147649;5.325235967;6.8409743;5.853822127;5.352
08/02/2019 21:00;5.004790653;7.557843854;7.484980612;7.6120176;7.776543965;7.36
08/02/2019 22:00;6.072678604;6.119147817;5.817367177;6.845571;6.446505585;5.789
08/02/2019 23:00;5.71214642;5.854511505;5.692606553;6.4076457;6.489986081;5.49
09/02/2019 00:00;7.056506761;5.178339251;4.779364293;6.0627003;6.125871308;4.756
09/02/2019 01:00;5.248327239;5.464344568;5.101485458;6.0050006;5.389316543;5.032
09/02/2019 02:00;3.941950913;5.520796772;5.151970592;6.023224;5.780009385;5.071
09/02/2019 03:00;5.788000895;4.716525377;4.292420773;6.0516353;5.227455928;4.059
09/02/2019 04:00;5.5999863;4.448506911;3.868844459;5.1923366;5.099490389;3.757
09/02/2019 05:00;5.389056851;4.499292197;4.102071246;5.6366434;4.560592343;4.062
09/02/2019 06:00;4.321758546;5.473247557;5.171897984;5.876909;5.644964494;5.029
09/02/2019 07:00;4.6208086;5.288375345;5.072422437;6.375605;5.805449485;4.938
09/02/2019 08:00;6.261196801;5.496579132;5.385505531;6.577138;6.639471718;5.165
09/02/2019 09:00;6.536768741;4.595796348;4.256517538;6.029192;5.46529848;4.163
09/02/2019 10:00;4.350799947;6.166858347;5.756112742;7.1896834;5.906525045;5.792
09/02/2019 11:00;4.980516567;5.977596594;5.770400153;6.5710945;6.597404613;5.53
09/02/2019 12:00;5.784859108;4.777934458;4.415659387;6.2982454;5.885670113;4.371
09/02/2019 13:00;5.881894554;5.401803463;5.029520415;6.7839627;6.326295341;4.983
09/02/2019 14:00;5.679226015;6.968169654;6.932927498;8.208506;7.377096269;6.899
09/02/2019 15:00;4.844186276;6.252594603;6.059054705;6.9207845;6.564511746;6.012
09/02/2019 16:00;5.500278141;6.88481016;6.872819198;7.5368524;7.669303562;6.695
09/02/2019 17:00;7.390889377;6.586650133;6.174512644;7.1955166;7.857430667;6.169
09/02/2019 18:00;6.356912637;7.572210498;7.419815882;8.395484;7.839313531;7.37
09/02/2019 19:00;5.87626157;5.266991093;4.746548452;5.999462;5.638672688;4.84
09/02/2019 20:00;4.852667792;6.323833049;6.189679132;6.8951826;6.906821235;6.001
09/02/2019 21:00;6.491674642;5.181051742;4.651219637;6.232265;6.099807958;4.683
09/02/2019 22:00;6.282597882;6.2907679;6.131974282;7.1124663;6.708253247;5.916
09/02/2019 23:00;5.517357822;5.181821613;4.760051753;5.91188;5.325835223;4.771
10/02/2019 00:00;4.32114261;5.485698379;5.242880255;5.824682;5.526438172;5.099
10/02/2019 01:00;5.576011484;4.959261899;4.706690826;5.5621953;5.862504786;4.519
10/02/2019 02:00;6.180114432;5.283527455;4.850390683;6.241811;5.65994422;4.722
10/02/2019 03:00;5.356607674;5.070224868;4.673472935;5.560457;5.552677391;4.595
10/02/2019 04:00;4.714407511;7.547590012;7.381588306;8.160823;7.359541483;7.3
10/02/2019 05:00;5.767116177;5.090284411;4.688944598;6.008803;5.844348538;4.55
10/02/2019 06:00;6.087367332;5.412797693;5.060447475;6.6678147;6.07598046;4.924
10/02/2019 07:00;6.249440745;7.629853737;7.492737215;8.135991;8.160525873;7.51
10/02/2019 08:00;5.830674279;5.070017811;4.74559776;6.2158933;5.552064049;4.681
10/02/2019 09:00;4.496202106;8.31308594;8.408980923;9.062861;8.564946765;8.24
10/02/2019 10:00;7.442226874;6.959988473;6.7682842;7.810752;8.143732535;6.724
10/02/2019 11:00;6.675188706;4.796842882;4.614929757;6.1887565;5.797930405;4.475
10/02/2019 12:00;5.39106877;5.506035832;4.832305791;6.376776;5.288443877;4.949
10/02/2019 13:00;4.441439397;2.947643375;2.378666129;3.7935205;3.671128042;2.301
10/02/2019 14:00;3.999012302;5.686137399;5.344168922;6.580081;6.202631306;5.207
10/02/2019 15:00;6.69062568;8.170903842;8.272280055;8.853649;8.57976867;8.14
10/02/2019 16:00;6.746775364;8.586046559;8.599451562;8.699746;9.346747135;8.51
10/02/2019 17:00;6.706978166;7.991903474;7.961449327;8.589506;7.596468293;7.94
10/02/2019 18:00;6.155724191;14.50088956;15.22411028;12.741527;14.68280282;14.91
10/02/2019 19:00;10.54715667;17.87182286;18.6304751;16.862726;18.55646262;18.42
10/02/2019 20:00;12.40872217;7.024498641;6.825884888;7.7384067;8.463749182;6.76
10/02/2019 21:00;6.073093432;5.339447388;4.924250755;6.456473;6.58833887;5.107
10/02/2019 22:00;5.63838705;4.471657937;3.647020649;6.828024;4.446431484;3.899
10/02/2019 23:00;4.230481644;3.730867842;3.551927214;4.336623;3.878770371;3.092
11/02/2019 00:00;5.392495813;4.775617222;4.555456953;5.251968;5.185363473;4.41
11/02/2019 01:00;6.011633281;3.540525488;3.077314659;3.7065568;3.902645473;2.821
11/02/2019 02:00;3.34668902;5.062305276;4.90075969;5.4950824;3.80395106;4.82
11/02/2019 03:00;4.804319625;6.116183413;5.983001235;5.2786317;4.839908843;5.828
11/02/2019 04:00;6.540815989;7.312838469;7.233856578;4.8401556;8.907719294;7.12
11/02/2019 05:00;8.278317788;3.960907003;3.1621479;4.523395;4.76130996;3.136
11/02/2019 06:00;4.652966596;18.3694854;19.70522138;18.711237;17.9738513;19.19
11/02/2019 07:00;11.08755791;8.545675168;8.328665398;11.089289;9.414469839;8.53
11/02/2019 08:00;6.342840461;6.120981199;5.998607961;7.07673;6.442129401;6.035
11/02/2019 09:00;7.690823363;4.121762504;3.703760715;5.3670244;6.477879332;3.935
11/02/2019 10:00;5.227270933;5.986748444;6.030567636;8.702885;6.35830197;5.854
11/02/2019 11:00;3.441421925;2.316664763;2.866613599;4.621817;3.454018055;2.641
11/02/2019 12:00;4.124403071;5.10835972;5.650186691;6.4693966;6.159328532;5.473
11/02/2019 13:00;6.127440253;5.083603381;4.6241318;5.2914515;6.659563819;4.542
11/02/2019 14:00;6.342412142;6.633680841;5.84779225;7.352254;4.082776217;5.756
11/02/2019 15:00;4.566158664;7.171027519;5.950812841;3.9626822;7.003391635;5.988
11/02/2019 16:00;6.322904313;5.078109697;4.145143303;5.340928;5.544053757;4.487
11/02/2019 17:00;6.067813552;7.020938899;7.023472145;7.2069554;8.377988494;6.922
11/02/2019 18:00;8.099298913;5.495243413;5.533567426;8.319655;6.998531778;5.191
11/02/2019 19:00;5.381730586;8.012963823;8.144449275;9.322994;7.664430171;8.12
11/02/2019 20:00;5.451870251;5.986634062;5.843097042;5.5973887;6.285675335;5.635
11/02/2019 21:00;5.526450594;5.613825075;5.621415089;7.234404;6.808822115;5.383
11/02/2019 22:00;6.317479394;8.137642435;7.806471941;8.595788;9.006608269;7.82
11/02/2019 23:00;6.311576896;4.878712574;5.211299431;6.0867276;5.583154732;5.032
12/02/2019 00:00;3.972708137;5.843359765;5.558428239;6.403486;6.525293738;5.563
12/02/2019 01:00;5.472405918;6.090792385;5.831403966;7.5266643;6.179011829;5.782
12/02/2019 02:00;6.281733902;6.334501372;4.731734206;5.5349016;6.433597;4.635
12/02/2019 03:00;6.832484263;4.567494665;4.208674328;5.881264;4.764096278;4.02
12/02/2019 04:00;4.643096005;5.327984965;4.066720544;5.1906247;5.18502525;4.58
12/02/2019 05:00;4.795972784;5.093624643;5.815679593;6.158925;5.583602865;4.63
12/02/2019 06:00;6.209863506;5.569031274;5.025468131;6.5287595;6.148099742;5.098
12/02/2019 07:00;6.131207737;5.354211943;5.394555776;5.711724;6.61454514;5.094
12/02/2019 08:00;5.744315626;6.053278774;5.757328149;7.3155975;5.934895994;5.743
12/02/2019 09:00;4.314725187;5.879559884;5.685362937;5.774542;6.353177336;5.46
12/02/2019 10:00;4.888738028;5.186655536;4.825164695;6.4813185;5.951262824;4.8
12/02/2019 11:00;6.276696103;4.908545454;4.429465902;5.934476;5.851076977;4.294
12/02/2019 12:00;5.160177943;5.644107258;5.40520941;6.7875285;6.254799601;5.421
12/02/2019 13:00;4.671220287;5.576786866;5.143906214;6.961456;5.759402736;5.127
12/02/2019 14:00;4.979738991;6.527382762;6.483825944;7.476963;7.070133965;6.277
12/02/2019 15:00;6.571451979;8.612623629;8.529298825;8.860812;9.456440764;8.53
12/02/2019 16:00;8.246573429;5.318825031;5.209140463;6.380856;6.371619205;4.871
12/02/2019 17:00;5.333592968;8.212836263;8.080186099;8.591092;8.318238812;8.14
12/02/2019 18:00;6.101003244;6.306416264;6.100089097;6.94013;6.822753503;5.978
12/02/2019 19:00;6.039398545;6.091499749;5.955939575;7.103623;7.169191712;5.798
12/02/2019 20:00;6.885582184;4.752681347;4.016548765;5.8898253;5.439260696;4.139
12/02/2019 21:00;5.000937155;5.506641151;5.201518167;6.398418;5.718008688;5.078
12/02/2019 22:00;4.455348735;5.285557439;4.845968009;6.0243607;5.397413021;4.892
12/02/2019 23:00;4.611179906;4.749974079;4.555094302;5.439746;4.760037023;4.31
13/02/2019 00:00;5.640191164;4.665833485;4.304346152;4.9851956;6.10937604;4.199
13/02/2019 01:00;6.303681346;5.612249272;5.394580257;6.6089416;5.716725322;5.287
13/02/2019 02:00;4.466679078;11.10542599;11.29529931;10.335259;10.8811364;11.19
13/02/2019 03:00;7.883329205;23.19670731;24.48275602;21.339277;22.19182377;23.98
13/02/2019 04:00;14.44919129;16.7335896;17.33628376;15.394751;18.06441994;17.26
13/02/2019 05:00;11.94507709;70.7225128;75.64272228;59.792374;62.58784976;72.8
13/02/2019 06:00;36.85482695;23.22570015;24.26949612;21.670841;26.56619646;24.02
13/02/2019 07:00;11.59813688;19.43197689;20.23006123;17.681963;19.53003881;19.96
13/02/2019 08:00;16.22046366;28.98374682;30.430757;25.511112;28.37313166;29.25
13/02/2019 09:00;16.74675219;30.55413423;31.88556844;27.286186;30.5810074;31.61
13/02/2019 10:00;16.2674643;5.099085894;4.991193854;6.3812737;6.160213135;4.835
13/02/2019 11:00;8.700605766;3.058641343;2.054874744;2.5231895;0.916980163;2.249
13/02/2019 12:00;3.091180469;2.703853814;1.755404928;-0.59978116;2.533673908;2.025
13/02/2019 13:00;5.791702902;4.524844333;4.421391907;2.480886;-6.57760557;3.717
13/02/2019 14:00;3.463712203;2.44278327;2.233839838;-8.388925;5.430173385;1.689
13/02/2019 15:00;10.62604754;4.360116898;4.009866219;3.0590835;3.564131184;3.846
13/02/2019 16:00;5.141307011;5.821563506;4.924988045;3.6762886;2.228593007;5.481
13/02/2019 17:00;5.147672498;5.82102748;5.461354315;6.8228765;3.220121228;5.462
13/02/2019 18:00;7.816998729;4.982119714;7.363601534;1.6893815;5.405184993;4.588
13/02/2019 19:00;6.487071915;5.027121006;4.860477645;5.981591;8.235902711;4.969
13/02/2019 20:00;6.585756737;7.540809162;7.192257748;21.18224;7.619230706;7.32
13/02/2019 21:00;3.789997375;3.359208614;3.278343817;10.378261;3.878589904;3.531
13/02/2019 22:00;1.05797611;1.652966158;3.334669505;5.1451683;3.394092901;3.74
13/02/2019 23:00;5.600547788;21.49256034;20.9316125;19.978731;21.20318222;20.52
14/02/2019 00:00;12.87570573;5.079151597;5.911662602;10.392966;8.457383165;6.107
14/02/2019 01:00;3.493634318;7.071826427;7.679677147;8.404343;7.769972895;7.57
14/02/2019 02:00;7.347042065;4.038105429;7.810382987;7.580651;8.901647549;7.08
14/02/2019 03:00;6.523140182;23.56255033;20.94415715;20.602104;22.91213249;23.75
14/02/2019 04:00;16.52737982;1.032343442;9.295523673;6.1010537;7.443721601;4.098
14/02/2019 05:00;7.848539447;7.98966441;11.39794473;10.117899;13.64155016;11.21
14/02/2019 06:00;7.351249223;11.41091276;9.243692554;9.064477;10.35318137;8.94
14/02/2019 07:00;6.357735491;6.569634951;7.043810874;7.4117064;5.250567293;6.46
14/02/2019 08:00;6.678578136;6.006502133;6.002405508;5.275382;11.71117472;5.841
14/02/2019 09:00;8.271296085;14.80725485;14.81246513;12.8184395;13.59384781;14.75
14/02/2019 10:00;7.42577055;18.20175949;17.11588507;14.334356;16.75257757;17.42
14/02/2019 11:00;8.883164574;9.481862356;9.567014611;11.3195305;7.024409462;9.33
14/02/2019 12:00;6.518027848;4.218341289;3.270492068;-0.07951057;6.564145631;3.417
14/02/2019 13:00;9.227117289;3.593459124;3.082572473;3.4210255;4.370939005;2.969
14/02/2019 14:00;4.633128084;4.67137163;3.942309143;5.900267;3.987687029;3.825
14/02/2019 15:00;3.597076164;3.997847224;3.620727718;6.2576704;3.892938362;3.146
14/02/2019 16:00;5.492889557;4.583153038;4.642675717;5.946922;4.863918457;4.967
14/02/2019 17:00;6.860144347;5.861877595;5.614627914;5.6900916;6.373844832;5.609
14/02/2019 18:00;7.609559201;5.189068485;5.077743013;6.5990233;3.714730405;4.944
14/02/2019 19:00;3.850765735;5.829181681;4.775877706;2.224155;5.160923511;4.681
14/02/2019 20:00;3.514047195;4.624465036;4.879838405;5.3877006;6.118970443;4.864
14/02/2019 21:00;6.573246478;4.71821291;3.281615909;7.440183;6.309031009;3.82
14/02/2019 22:00;6.010272979;4.285881846;4.057890166;7.886675;4.887384414;4.091
14/02/2019 23:00;3.780958485;4.677937557;4.004956968;5.1161575;4.220751118;3.82
15/02/2019 00:00;3.14099719;3.706846573;3.8742906;5.202682;4.098989744;3.309
15/02/2019 01:00;4.176478403;4.341161783;2.970962212;6.098879;5.291884439;3.682
15/02/2019 02:00;6.808051226;3.254458199;4.890209619;5.2349906;6.544348833;3.619
15/02/2019 03:00;5.786835695;4.01135114;4.218490944;5.471207;5.159928346;3.971
15/02/2019 04:00;3.030734845;17.89806023;17.43977216;15.474734;15.20696241;16.99
15/02/2019 05:00;10.40694256;23.69476813;24.98008855;21.417324;23.77504559;24.31
15/02/2019 06:00;15.45593678;27.49067402;28.05581793;23.62703;27.53992116;27.59
15/02/2019 07:00;17.04979589;23.91106297;24.75370923;21.570639;24.08286168;24.48
15/02/2019 08:00;13.97571409;17.30647378;18.25110875;16.601349;18.2321018;18.09
15/02/2019 09:00;9.604295502;25.9816329;28.45529483;23.185421;25.00416351;26.5
15/02/2019 10:00;15.96911467;14.0556996;14.35586107;13.806781;16.64543952;14.51
15/02/2019 11:00;11.87329615;4.985253457;4.983694404;6.430625;7.116629962;4.617
15/02/2019 12:00;6.215478289;4.529006576;3.622459507;5.192163;2.388013232;3.809
15/02/2019 13:00;2.774082479;5.099537578;4.704649469;2.30453;2.442068395;4.456
15/02/2019 14:00;4.856218988;3.915926688;3.571643952;-0.091046214;1.93944233;3.025
15/02/2019 15:00;7.708813137;5.459028841;5.218716339;0.9015226;4.866901821;4.882
15/02/2019 16:00;8.087271593;5.176875828;4.747646123;3.0500755;5.137541673;4.595
15/02/2019 17:00;5.141939584;4.102475072;3.354220084;4.4049873;-0.034080085;3.388
15/02/2019 18:00;2.968187203;4.416114296;3.367017109;1.2258666;3.681247582;3.752
15/02/2019 19:00;8.083253005;4.742243098;4.151765696;4.739269;6.20128546;4.127
15/02/2019 20:00;7.551656375;4.041917283;3.591300703;7.1110034;4.750671039;3.357
15/02/2019 21:00;3.284697283;3.955273805;3.946468728;9.771895;3.871674288;3.946
15/02/2019 22:00;2.096589197;4.026213847;3.301854223;7.9514437;3.57336532;3.871
15/02/2019 23:00;3.107452602;4.063966748;4.175313096;5.4122014;5.301180095;3.879
16/02/2019 00:00;6.576481646;1.830201814;3.904365082;6.923433;6.149887865;3.668
16/02/2019 01:00;5.328813024;3.329356686;4.133431422;6.9086475;5.607007452;4.114
16/02/2019 02:00;1.870681248;2.078315049;4.552889037;6.638495;4.840648136;4.844
16/02/2019 03:00;4.322033329;3.54455389;4.540649273;5.852517;5.601938648;3.794
16/02/2019 04:00;7.572191404;7.885469163;7.503428909;8.657336;9.635797666;7.39
16/02/2019 05:00;8.946992227;7.14046252;7.553644457;8.347169;8.826712915;7.43
16/02/2019 06:00;6.11833642;10.02548642;10.48403519;10.582575;10.40234826;10.24
16/02/2019 07:00;5.841372568;10.73259858;10.85832997;10.883681;11.37693508;10.96
16/02/2019 08:00;8.52994831;41.01936744;41.47642389;32.981644;36.82611378;39.49
16/02/2019 09:00;23.57144577;55.55614777;57.641305;46.10214;53.06878692;55.57
16/02/2019 10:00;26.85119552;7.01785704;9.099259344;7.5502687;10.7777893;6.896
16/02/2019 11:00;4.460674371;2.668643892;1.875329729;3.3424468;2.913457956;1.697
16/02/2019 12:00;5.775372232;4.013850939;3.615355367;4.7900877;4.948309625;3.254
16/02/2019 13:00;3.985160861;5.38766657;5.986339667;5.1540985;6.039358173;4.799
16/02/2019 14:00;7.987052861;4.912799768;4.829023506;5.3091197;4.747617665;4.292
16/02/2019 15:00;5.723972095;5.059958515;4.772054173;4.5691123;4.155172123;4.477
16/02/2019 16:00;2.610527251;4.27475822;3.631393644;4.0737453;-1.682924059;3.592
16/02/2019 17:00;5.725779931;4.952941363;4.771358629;-1.4676698;-0.785794814;4.283
16/02/2019 18:00;7.898555705;3.677417922;3.328284272;-5.8833766;8.532615611;2.878
16/02/2019 19:00;9.656097672;3.868075287;3.553001215;5.223399;5.140464089;3.172
16/02/2019 20:00;2.925111906;5.665231761;5.155425835;11.41414;5.631103651;5.13
16/02/2019 21:00;3.67966349;4.060733884;2.686055007;12.098266;2.225563835;3.621
16/02/2019 22:00;5.64255394;4.339979334;3.553590531;3.2714393;3.571488037;3.925
16/02/2019 23:00;6.02575855;4.283828807;3.710479039;7.9815745;7.035178945;4.051
17/02/2019 00:00;3.933793923;4.11877436;3.993415246;12.150504;4.772512337;3.979
17/02/2019 01:00;0.471432536;3.620257924;4.294619926;6.655625;4.741213649;3.953
17/02/2019 02:00;3.327306036;2.637824538;4.156905514;5.8004136;5.844046835;4.109
17/02/2019 03:00;7.771968957;6.271408949;6.002951403;7.4301276;8.460630532;5.818
17/02/2019 04:00;7.150362783;8.536160019;4.268005549;6.484863;5.409952932;4.547
17/02/2019 05:00;3.485493312;7.321105135;4.528562225;5.9130173;5.144753108;4.506
17/02/2019 06:00;4.949006297;4.532511685;2.913727638;6.051698;5.632083155;4.145
17/02/2019 07:00;7.158080293;4.982967309;6.059528741;5.467484;6.131985856;3.899
17/02/2019 08:00;8.014155975;7.005886022;5.635906655;6.6032124;7.398517242;4.784
17/02/2019 09:00;4.688594991;8.822188567;8.026992681;8.5294695;8.280521566;7.96
17/02/2019 10:00;3.046953563;3.49434145;4.547325414;5.146293;4.72816122;3.757
17/02/2019 11:00;4.829527759;5.18900183;4.569521771;5.996806;6.644678973;4.32
17/02/2019 12:00;6.960713497;5.663488906;5.240133092;6.7073565;7.952654949;5.076
17/02/2019 13:00;4.805975082;4.364932149;3.819993608;5.4052095;4.211494567;3.789
17/02/2019 14:00;2.30507758;3.91238834;3.245399222;5.2935257;3.628466633;3.195
17/02/2019 15:00;3.345232082;5.689307671;5.407850473;7.0287185;6.275968623;5.223
17/02/2019 16:00;7.803820617;5.621367477;5.376144787;6.6873198;7.139136321;5.039
17/02/2019 17:00;7.965736767;5.12575935;4.919540323;5.880617;5.321928402;4.526
17/02/2019 18:00;3.84934891;5.302459663;4.616500231;5.4465327;5.018772967;4.671
17/02/2019 19:00;4.125479268;4.406891413;4.248525548;5.7136626;4.67882018;3.706
17/02/2019 20:00;6.032500119;3.980397669;3.747885287;5.4686937;5.334786267;3.419
17/02/2019 21:00;6.786852701;4.512468318;4.014541988;6.09567;5.482893808;3.884
17/02/2019 22:00;4.657014768;5.022992871;4.507280211;6.1704025;4.695190351;4.456
17/02/2019 23:00;1.93039412;4.71026633;4.092701144;5.6111917;4.063050217;3.972
18/02/2019 00:00;3.820062278;4.979469631;4.5802118;6.3940167;5.670350669;4.328
18/02/2019 01:00;7.223546501;4.552993191;4.043514784;5.4649587;6.129231926;3.936
18/02/2019 02:00;5.397454682;4.397377826;4.121835388;5.5922947;4.980884019;4.096
18/02/2019 03:00;3.165848883;4.951389096;4.394114316;6.285353;4.991736563;4.394
18/02/2019 04:00;4.026967712;6.076997587;5.877769728;7.403715;6.625074096;5.643
18/02/2019 05:00;7.188519145;5.014004581;4.618059715;6.085385;6.442391063;4.323
18/02/2019 06:00;7.72518417;7.127263777;6.902765977;8.00882;8.024653164;6.816
18/02/2019 07:00;5.634093183;12.53229806;12.94701518;12.418465;11.91429605;12.83
18/02/2019 08:00;6.468020531;6.922734329;7.089526489;7.780037;7.403115365;6.708
18/02/2019 09:00;6.604418542;6.78037273;6.673190256;7.8107953;8.333372857;6.582
18/02/2019 10:00;8.536967978;9.009342609;8.783079897;9.7143;10.10616277;8.93
18/02/2019 11:00;6.819550011;8.215458299;8.091804373;8.800778;8.342594597;8.04
18/02/2019 12:00;4.478660086;18.87714033;20.24333762;17.537186;17.63907192;19.65
18/02/2019 13:00;11.02212572;3.359724226;2.553430342;4.284747;5.133520601;2.373
18/02/2019 14:00;5.908503419;5.449980622;5.026650786;6.3826165;6.300881273;4.861
18/02/2019 15:00;8.034421732;5.06916793;4.322855569;5.608934;4.59697323;4.581
18/02/2019 16:00;2.918559127;4.818628187;4.721737664;4.0331826;4.6434794;4.274
18/02/2019 17:00;4.380821457;5.099352799;4.773341424;5.6541495;5.226310959;4.588
18/02/2019 18:00;7.416684301;5.755080403;5.637568871;6.2449665;6.653437765;5.243
18/02/2019 19:00;6.894017535;5.579271496;5.147636653;6.5668216;5.895095187;5.039
18/02/2019 20:00;5.795175192;5.179798704;4.635324685;5.233532;1.880569097;4.591
18/02/2019 21:00;2.046701758;5.496849182;5.267511049;2.0844603;7.104692786;5.094
18/02/2019 22:00;7.044665837;5.460435744;5.127312323;8.316444;6.322598958;4.956
18/02/2019 23:00;6.955197859;4.907508183;4.721482417;6.530561;6.363305616;4.528
19/02/2019 00:00;4.940189124;4.678556131;4.597876647;7.832227;5.071916342;4.658
19/02/2019 01:00;3.56400667;4.77252277;4.01711077;5.841433;3.825452669;4.364
19/02/2019 02:00;3.501877012;4.994688273;4.896242485;4.79622;6.334547223;4.524
19/02/2019 03:00;7.25610738;4.606552749;4.403267584;7.6716003;5.987114003;4.185
19/02/2019 04:00;6.416292743;4.604225181;4.301778034;5.589528;5.908728198;4.299
19/02/2019 05:00;3.390956813;4.090824243;4.315716211;6.162006;4.307887965;4.487
19/02/2019 06:00;3.840657761;5.411513652;4.960891854;6.1700478;5.700782349;4.567
19/02/2019 07:00;6.484500821;5.698001754;5.359191862;6.625757;7.211212094;5.341
19/02/2019 08:00;7.359477126;8.487820584;7.290314117;8.160796;8.234498107;7.28
19/02/2019 09:00;6.347674965;10.95065793;11.42847993;11.224865;11.24488985;11.28
19/02/2019 10:00;6.012919648;5.832629968;5.024569558;6.753779;6.23621486;5.594
19/02/2019 11:00;5.234910085;5.294443853;5.648978267;6.3544245;6.697228505;5.031
19/02/2019 12:00;8.054680427;4.757920469;4.28583382;5.966084;6.63065203;4.274
19/02/2019 13:00;5.099837883;5.417986218;5.073675661;6.105047;5.237149819;4.629
19/02/2019 14:00;3.381242185;5.388303087;4.895506874;6.2522044;5.371863752;4.895
19/02/2019 15:00;4.581775147;4.688380066;4.468843333;5.32108;5.522134263;4.116
19/02/2019 16:00;5.933085872;7.067486695;6.921483604;7.7029815;7.576888514;6.772
19/02/2019 17:00;8.143097252;5.336833408;4.922789464;5.6909485;5.336939186;4.838
19/02/2019 18:00;4.223217303;6.619739963;6.374031546;5.740321;6.652530963;6.285
19/02/2019 19:00;4.865213293;4.17991741;3.472454289;5.2362456;4.574083227;3.548
19/02/2019 20:00;5.620702802;4.50766278;4.334506865;5.8629785;5.800279675;3.874
19/02/2019 21:00;6.77933452;5.552674087;5.075621145;7.3698783;6.295829271;5.099
19/02/2019 22:00;5.407134592;5.913981772;5.574026336;6.6947002;5.501996576;5.501
19/02/2019 23:00;3.692277564;6.581134447;6.433297048;6.871443;6.733543051;6.261
20/02/2019 00:00;5.474668785;5.40337519;5.10635844;7.133476;5.827713294;4.988
20/02/2019 01:00;6.485336705;4.187819371;4.055703898;5.044962;5.959228917;3.797
20/02/2019 02:00;5.949049106;5.960253246;5.854703369;7.2284284;6.295341602;5.89
20/02/2019 03:00;4.108780099;5.552249875;5.172139685;6.035558;5.849643899;5.114
20/02/2019 04:00;4.436950536;6.062604628;5.789892041;7.4302073;6.559833379;5.539
20/02/2019 05:00;6.884216181;10.66196189;10.40385576;10.844683;10.94185435;10.32
20/02/2019 06:00;9.090005841;7.38382251;7.11547493;7.8630147;8.41638371;7.11
20/02/2019 07:00;6.126364118;8.00247746;7.800245229;8.519834;7.677320844;7.9
20/02/2019 08:00;5.487223303;6.751860388;6.730905003;6.9757266;7.476290381;6.594
20/02/2019 09:00;6.273550022;5.619514291;5.544350755;7.140518;7.243587482;5.495
20/02/2019 10:00;7.442449549;4.57731731;4.248899495;6.0521398;5.496974925;4.046
20/02/2019 11:00;5.185415942;2.893484357;2.356103822;4.0589023;3.371893603;2.306
20/02/2019 12:00;2.714806767;4.623648404;3.840879453;5.1047044;4.04113886;3.765
20/02/2019 13:00;4.159326163;5.807695509;5.577352416;6.1965404;5.324195471;5.308
20/02/2019 14:00;6.148855314;6.628885705;6.400256635;6.2040753;7.690111265;6.244
20/02/2019 15:00;7.615629359;3.523735594;3.229830184;4.5426083;4.05872552;2.968
20/02/2019 16:00;3.604416066;5.4768765;5.128150963;5.652445;5.482494526;5.205
20/02/2019 17:00;4.395898561;4.483632882;4.167819317;5.9571147;4.889726381;3.961
20/02/2019 18:00;5.730689794;5.085977511;4.656088413;6.1161747;5.941053182;4.452
20/02/2019 19:00;6.670671717;5.948686855;5.561864286;6.6949925;7.23322703;5.498
20/02/2019 20:00;5.885313345;4.360848789;3.859188508;6.7037396;4.459144903;3.748
20/02/2019 21:00;2.982505966;3.770313245;3.275076625;5.2378125;3.721721817;3.226
20/02/2019 22:00;3.951290959;3.469866573;3.556065399;5.1453323;4.301743382;3.366
20/02/2019 23:00;5.846046053;4.112225966;4.021867943;4.9647923;6.112237535;3.763
21/02/2019 00:00;5.633184942;4.00908275;3.698310832;5.9448113;4.631939444;3.654
21/02/2019 01:00;3.228550593;4.420418514;3.843792999;5.6916075;4.441612879;3.748
21/02/2019 02:00;3.853697644;4.11037528;3.569859766;5.521666;4.604666577;3.477
21/02/2019 03:00;5.426241857;4.656910694;3.834592779;5.267103;5.157303792;3.855
21/02/2019 04:00;6.304960188;4.415629798;3.812231422;5.113864;5.519603666;3.515
21/02/2019 05:00;4.857592739;5.163554083;4.633943967;6.7472696;5.448907055;4.724
21/02/2019 06:00;3.52586427;4.456439137;4.333364275;5.9112525;4.985504773;4.132
21/02/2019 07:00;5.031338933;8.109434538;8.401855515;9.44992;9.119126561;8.19
21/02/2019 08:00;8.33690235;7.918751036;7.923992707;8.409521;9.294986457;7.78
21/02/2019 09:00;6.651869269;5.072440186;4.748111085;6.004107;5.731350394;4.591
21/02/2019 10:00;4.090023067;4.68883262;3.763995102;5.7373204;4.738189724;3.842
21/02/2019 11:00;3.943822107;3.405929131;2.760946052;4.876911;3.972245416;2.59
21/02/2019 12:00;4.866503667;4.326198736;3.904026608;5.5890813;5.453526449;3.719
21/02/2019 13:00;6.335464393;3.423277278;2.965431765;4.922269;4.155040656;2.643
21/02/2019 14:00;3.398362943;4.768415374;4.090593072;5.790713;4.545375654;4.072
21/02/2019 15:00;3.741536367;4.789968666;4.295723077;5.818922;4.094889867;3.982
21/02/2019 16:00;5.2325488;4.159828508;3.719287814;4.2855897;4.876587954;3.438
21/02/2019 17:00;6.17817292;4.997507637;4.512060727;5.1481404;6.144391868;4.42
21/02/2019 18:00;5.846302165;4.664662896;4.237085005;5.897223;5.098051204;4.072
21/02/2019 19:00;3.508968108;5.784917221;5.40910954;7.220567;6.088653319;5.305
21/02/2019 20:00;4.95880707;5.583279075;5.165960632;7.563586;5.786266405;5.036
21/02/2019 21:00;6.400814579;5.838289962;5.491977519;6.4287996;7.036018895;5.277
21/02/2019 22:00;6.332941693;4.433496468;3.876957601;5.9429765;5.009283704;3.801
21/02/2019 23:00;3.636422786;4.331116183;3.673813237;5.7139883;4.324542674;3.621
22/02/2019 00:00;3.437390794;5.427749726;5.353025787;6.8304334;6.141887177;5.156
22/02/2019 01:00;5.822112779;4.505692715;4.371517477;6.1417546;5.652003984;4.116
22/02/2019 02:00;6.155430404;4.344630282;3.888210751;5.4386888;5.466814606;3.67
22/02/2019 03:00;5.022791242;5.410107416;4.532432248;6.431704;4.949806546;4.544
22/02/2019 04:00;3.650636451;4.734172567;3.819369182;5.0624175;4.388850944;3.634
22/02/2019 05:00;4.77006153;4.628011542;4.027975133;5.640407;5.250520744;3.928
22/02/2019 06:00;6.542471028;4.797773813;4.331869141;5.7293844;5.946743108;4.131
22/02/2019 07:00;5.610844491;4.681786284;4.350792662;6.215828;5.442744134;4.283
22/02/2019 08:00;4.015672944;4.452171672;4.011979516;6.0558195;4.246692918;3.944
22/02/2019 09:00;3.728507007;4.282936645;3.886127935;5.2727094;4.770081485;3.621
22/02/2019 10:00;5.532636102;4.765923141;4.289928568;5.694179;5.83033317;4.114
22/02/2019 11:00;6.086015816;4.715997238;4.290643577;5.672158;5.41759121;4.011
22/02/2019 12:00;4.065237893;5.335611622;4.852361517;6.630516;5.476635827;4.838
22/02/2019 13:00;3.958601743;5.397213589;5.039934418;6.6696954;5.502430707;4.864
22/02/2019 14:00;5.36936665;4.472755445;4.140096935;5.6574426;5.557375912;3.892
22/02/2019 15:00;6.28615824;5.383113457;4.797209384;6.563376;6.221983587;4.719
22/02/2019 16:00;5.712246739;4.58205073;3.933984984;5.735324;4.848925435;3.801
22/02/2019 17:00;3.537941863;5.193008919;4.742556463;6.2700925;5.323634078;4.668
22/02/2019 18:00;4.811668392;5.144673282;4.860203743;6.5584536;5.798984524;4.621
22/02/2019 19:00;6.353443937;4.161120627;3.698939019;5.4993095;5.358471708;3.487
22/02/2019 20:00;5.556389223;5.168059566;4.741554049;6.3084483;5.515253435;4.657
22/02/2019 21:00;4.359549529;5.242254203;4.726550424;6.083275;5.201832778;4.675
22/02/2019 22:00;3.903135415;5.574664265;5.252216173;6.4141884;5.986776467;5.047
22/02/2019 23:00;5.925032233;4.489697469;4.04864194;5.749341;5.401461219;3.807
23/02/2019 00:00;6.014296592;4.176872098;3.645994974;5.318755;5.292443336;3.531
23/02/2019 01:00;4.596681522;4.498515379;3.852013449;5.919058;4.36512749;3.819
23/02/2019 02:00;3.42833308;4.399246593;3.851630833;5.34081;4.371476925;3.66
23/02/2019 03:00;4.640324177;4.958295252;4.588499049;5.9689136;5.943859639;4.346
23/02/2019 04:00;6.541021979;4.344291792;3.881347439;5.8035283;5.174820579;3.634
23/02/2019 05:00;5.132058602;4.412617287;3.919190649;5.5597305;4.853894692;3.817
23/02/2019 06:00;3.919478728;10.78164175;11.01849717;11.059543;10.23627789;10.89
23/02/2019 07:00;7.067846245;10.21458038;10.48219922;10.17528;11.00943179;10.27
23/02/2019 08:00;8.476375185;17.38418022;18.24055697;16.628094;17.99736556;17.93
23/02/2019 09:00;12.67833268;44.73730527;49.49518527;39.208748;42.19861924;46.63
23/02/2019 10:00;23.07873153;79.11675097;85.46770171;66.12631;72.46277617;82.7
23/02/2019 11:00;38.66922194;18.96523778;20.67607175;17.84136;23.64656073;19.62
23/02/2019 12:00;13.6517857;10.42104762;11.04897662;10.622354;12.62550243;10.55
23/02/2019 13:00;13.25777822;12.25608823;12.74879395;12.492332;13.86278539;12.48
23/02/2019 14:00;7.165365248;8.175786047;9.194927959;8.926516;7.261953383;8
23/02/2019 15:00;5.700246946;13.02108955;13.58401058;11.166255;12.30141844;13.35
23/02/2019 16:00;12.85056355;9.027696343;9.166114115;7.8924184;8.544782185;8.91
23/02/2019 17:00;6.815873638;8.047075169;7.924025469;5.174251;2.132064358;7.83
23/02/2019 18:00;7.282922936;10.20931265;10.05588725;1.9035869;-1.135762024;10.2
23/02/2019 19:00;6.55890036;6.691218074;6.402058337;-6.140095;10.51380301;6.308
23/02/2019 20:00;12.46574458;3.934135686;3.462377716;2.073627;5.983739458;3.262
23/02/2019 21:00;7.690115411;3.992291402;3.151767193;8.875817;4.245501001;3.265
23/02/2019 22:00;4.618751051;8.272652445;7.372580402;15.363326;5.741139891;8.14
23/02/2019 23:00;6.081581974;9.978542022;7.952939884;9.29008;4.495266819;9.97
24/02/2019 00:00;6.099803613;3.920562097;4.221615671;7.896296;7.172303842;3.662
24/02/2019 01:00;8.169498971;3.729490895;3.7032754;16.013552;5.312199167;3.69
24/02/2019 02:00;2.901274922;1.868564388;3.414253661;5.9122567;3.613560917;3.44
24/02/2019 03:00;-0.313468911;4.228495417;6.387420191;6.809699;5.988607428;6.27
24/02/2019 04:00;6.092723809;7.892688003;8.496889604;9.830262;10.27188679;8.59
24/02/2019 05:00;8.738961849;12.67990229;11.72684204;11.410927;12.81820265;11.22
24/02/2019 06:00;9.813805438;10.57847413;7.786462322;10.621312;8.756188251;8.34
24/02/2019 07:00;6.351447272;5.976464638;4.387720259;6.455519;5.57591741;5.777
24/02/2019 08:00;4.317466963;6.954379533;3.283498504;5.613758;7.567278136;6.378
24/02/2019 09:00;9.857659122;23.21946193;22.82859853;21.522392;25.85882261;24.05
24/02/2019 10:00;17.08422752;2.027676445;8.536643734;6.5938087;10.26786132;4.075
24/02/2019 11:00;2.844235705;13.17967633;10.30650699;11.609335;9.582747745;10.89
24/02/2019 12:00;6.987522712;2.452845272;1.914995372;3.2390826;4.240109076;2.149
24/02/2019 13:00;2.59412533;3.521711228;3.453945767;7.4640756;5.970471918;2.8
24/02/2019 14:00;6.186501252;4.21843748;3.663202385;3.5186484;4.897499788;3.381
24/02/2019 15:00;6.236578775;3.461791944;3.455274282;4.252166;4.773728204;3.378
24/02/2019 16:00;0.355675344;3.019492263;2.910354133;4.8988934;2.310608511;2.997
24/02/2019 17:00;4.175197355;4.373067964;4.065361431;5.5667562;1.944410078;3.972
24/02/2019 18:00;6.855182939;4.090733769;3.879534264;-0.07610643;7.455084139;3.35
24/02/2019 19:00;8.530810055;4.622318205;3.907540517;5.0494623;3.524553951;3.533
24/02/2019 20:00;3.871815915;3.534414754;3.046987578;3.520884;4.774104351;2.942
24/02/2019 21:00;3.172321298;3.279589951;3.203287172;8.111797;3.672332742;2.938
24/02/2019 22:00;4.896516637;4.602098003;4.127010589;6.3881984;5.068147497;4.572
24/02/2019 23:00;7.554817097;4.311491328;4.3844128;4.9629765;6.949499027;4.124
25/02/2019 00:00;4.912070364;6.24856658;5.643395727;9.362264;4.992930502;5.64
25/02/2019 01:00;1.481032088;4.30127145;3.510742285;4.4825325;4.359564498;3.43
25/02/2019 02:00;3.283187426;2.648895328;3.655052658;6.039706;5.010772265;3.392
25/02/2019 03:00;6.311222746;4.578836339;3.841160003;5.941586;6.448076918;3.972
25/02/2019 04:00;6.093272064;4.529390552;4.730308391;6.346877;6.043377731;4.666
25/02/2019 05:00;3.908557849;13.43483579;12.58110366;12.5318575;11.80674167;12.39
25/02/2019 06:00;6.879679458;9.150670571;9.289059094;9.90534;9.834765212;9.15
25/02/2019 07:00;8.829686979;6.733592538;5.399034043;6.7965193;8.22933946;5.929
25/02/2019 08:00;9.722258426;11.7124315;12.27148488;11.396491;12.69891248;11.82
25/02/2019 09:00;7.978822423;13.08640478;13.66839532;12.223358;13.40052385;13.41
25/02/2019 10:00;6.62832981;8.751569118;9.303871226;9.263525;8.597753105;8.2
25/02/2019 11:00;7.233641573;3.505702576;2.598812202;4.9970813;5.104430147;2.7
25/02/2019 12:00;6.323251699;4.488803158;3.779969837;5.0790257;5.899507497;3.657
25/02/2019 13:00;5.365067;5.876050309;5.272951266;6.5889773;4.174570555;5.235
25/02/2019 14:00;2.273476523;4.37317979;3.716562314;2.7287712;3.703286093;3.544
25/02/2019 15:00;3.579097939;4.953827931;4.682382564;5.1584105;5.472250176;4.356
25/02/2019 16:00;7.731593938;4.674307125;4.251184156;5.5818744;5.306043477;4.041
25/02/2019 17:00;6.276819719;5.339969824;5.07509699;5.6090064;4.874311937;4.915
25/02/2019 18:00;4.83222888;4.803874998;4.123342598;4.0983715;3.898232679;4.036
25/02/2019 19:00;3.9819593;5.774928868;5.449166242;4.9474287;6.502173381;5.168
25/02/2019 20:00;6.875404435;4.866105223;4.302166902;7.5567126;6.081523973;4.06
25/02/2019 21:00;7.511129393;3.915456927;3.51922835;6.894362;4.491094603;3.208
25/02/2019 22:00;3.908324832;4.128093444;3.918436058;5.2726007;3.977449054;3.964
25/02/2019 23:00;2.282574123;3.540654009;3.466787348;5.0556693;3.567560619;3.273
26/02/2019 00:00;3.889933074;4.401279839;4.326104911;6.2138386;5.829533064;3.902
26/02/2019 01:00;6.347022877;3.717329603;3.779978289;6.314453;5.389242039;3.628
26/02/2019 02:00;4.891719975;3.2114302;3.335672899;4.9578705;4.433437504;3.286
26/02/2019 03:00;2.805333401;4.139995534;3.564885232;5.4541936;4.070302273;3.773
26/02/2019 04:00;3.423090438;6.353377372;5.834890516;6.850361;6.453163604;5.415
26/02/2019 05:00;7.507909011;4.477230086;3.592625979;5.478571;6.215419006;3.42
26/02/2019 06:00;6.958706558;4.410539918;3.773989171;6.0512733;5.266386688;3.912
26/02/2019 07:00;4.118166509;4.658410487;4.20341192;6.0727267;4.817476811;4.261
26/02/2019 08:00;3.550602889;3.861720188;3.600849831;5.4036546;4.505234694;3.463
26/02/2019 09:00;5.014130912;4.307587666;4.236753787;5.373835;5.900178275;3.959
26/02/2019 10:00;6.860606914;4.377636011;4.01802655;5.9000163;5.799098735;3.896
26/02/2019 11:00;4.738323018;7.332866089;6.995393173;7.9410357;7.136977956;6.912
26/02/2019 12:00;3.550864107;3.889940651;3.354348765;4.8865685;3.763531572;3.241
26/02/2019 13:00;3.406541021;4.100007498;3.52483287;4.849545;5.032874258;3.339
26/02/2019 14:00;6.698073132;4.344312193;3.692417564;5.612954;5.595242245;3.552
26/02/2019 15:00;5.544246491;3.134582274;2.322449369;4.5668283;3.564330872;2.177
26/02/2019 16:00;2.80709861;3.683215985;2.956896073;5.092152;3.497242195;2.817
26/02/2019 17:00;3.355337333;4.365014292;3.863498649;5.7207217;4.575317573;3.727
26/02/2019 18:00;5.635206949;4.281130594;4.103481324;5.322797;5.640045893;3.572
26/02/2019 19:00;7.170799048;4.230666524;3.786510784;5.787608;4.659314901;3.515
26/02/2019 20:00;4.083633125;4.333436447;3.655873184;4.653857;4.448835076;3.595
26/02/2019 21:00;2.840546384;4.379164153;4.048523185;5.877097;4.403839841;3.807
26/02/2019 22:00;4.737220427;4.978303595;4.593860054;6.313014;5.968192717;4.323
26/02/2019 23:00;6.482404853;4.051181441;3.52440582;5.760872;5.450040962;3.275
27/02/2019 00:00;5.087083394;4.45782945;3.748083625;6.0823746;4.45103603;3.698
27/02/2019 01:00;2.755289536;4.420333974;3.744978135;5.4642634;4.23876999;3.668
27/02/2019 02:00;3.307867283;4.394630757;3.869190159;6.0704308;4.848211522;3.662
27/02/2019 03:00;6.261950277;4.45118543;4.145718367;5.593961;5.97262647;3.758
27/02/2019 04:00;6.327824439;4.396426546;4.070376726;5.8599505;5.510128821;3.993
27/02/2019 05:00;3.984778465;4.099439039;3.359851887;5.6310253;3.870219292;3.258
27/02/2019 06:00;3.158441834;4.877312089;4.434988633;6.0066977;4.889715485;4.193
27/02/2019 07:00;5.492582267;4.985061947;4.381741608;5.672339;6.032724326;4.131
27/02/2019 08:00;7.004048209;4.402397928;3.849626215;5.7263327;5.361784797;3.536
27/02/2019 09:00;4.842661991;5.823978836;5.193484225;6.9062114;5.783665791;5.271
27/02/2019 10:00;3.407342893;4.576882793;4.193676991;5.9680567;4.501853925;3.967
27/02/2019 11:00;4.142045327;5.855786129;5.631380311;6.991772;6.688937493;5.48
27/02/2019 12:00;7.166834145;5.775576559;5.466984363;6.775223;7.059051782;5.25
27/02/2019 13:00;6.222587656;5.930374634;5.519568947;7.014479;6.528698038;5.398
27/02/2019 14:00;4.272467492;4.760345768;4.066355446;5.881001;4.611178277;4.041
27/02/2019 15:00;3.430575081;6.267577093;5.973805889;7.178802;6.408247658;5.777
27/02/2019 16:00;6.710401911;6.314556304;6.017952298;7.2363834;7.660982508;5.802
27/02/2019 17:00;7.68954684;6.441710077;6.201731247;7.4194856;7.111530559;5.998
27/02/2019 18:00;5.339434144;5.817273266;5.215949679;6.583627;5.903587815;5.25
27/02/2019 19:00;4.088417106;6.10939267;5.764840557;7.2911716;5.806661659;5.642
27/02/2019 20:00;5.546910347;5.606797862;5.269038753;6.139379;6.464358391;5.06
27/02/2019 21:00;7.219071404;4.708288362;4.31818061;5.7881274;5.797801034;4.074
27/02/2019 22:00;5.714427919;4.649722376;3.963559681;5.549612;4.932331056;3.923
27/02/2019 23:00;3.280050841;5.430217598;4.964911229;6.516898;4.85595378;4.88
28/02/2019 00:00;4.05579254;5.252738779;4.864970976;6.211637;5.486403196;4.668
28/02/2019 01:00;6.554874834;4.173072693;3.716081636;4.915603;5.228353914;3.409
28/02/2019 02:00;6.042339575;3.92608315;3.346094951;4.8288326;4.524143469;3.265
28/02/2019 03:00;3.867568486;5.369532994;4.853371986;6.326249;5.086966985;4.795
28/02/2019 04:00;3.681532389;5.03136021;4.703677722;6.238368;5.139639384;4.549
28/02/2019 05:00;5.515654339;5.082010473;4.82690375;6.0244308;6.198014035;4.519
28/02/2019 06:00;7.250665979;3.767329419;3.331739588;5.3133736;5.047071771;3.129
28/02/2019 07:00;4.641907474;4.010478122;3.179232623;5.395091;3.813603183;3.167
28/02/2019 08:00;2.707798923;4.444117038;4.039417741;5.778931;4.208041156;3.899
28/02/2019 09:00;4.321596336;4.326555278;3.985016486;5.4388337;5.400905799;3.778
28/02/2019 10:00;6.249371305;6.333814484;6.340243579;7.60638;7.709725156;6.081
28/02/2019 11:00;6.828933988;4.242161501;3.67291684;6.0408387;4.863260541;3.655
28/02/2019 12:00;3.251553404;5.22460876;4.886278901;6.3060102;5.042401182;4.807
28/02/2019 13:00;3.933942651;3.173027874;2.370520527;4.3310294;3.616834497;2.391
28/02/2019 14:00;5.0381079;4.079154485;3.752087315;5.067275;5.525809316;3.334
28/02/2019 15:00;6.46768711;4.915355402;4.314040958;6.511415;5.9752116;4.302
28/02/2019 16:00;4.555124887;4.536399003;4.15183659;6.1522207;4.564747461;4.031
28/02/2019 17:00;3.079490148;4.22576498;3.795574188;5.552036;4.421002828;3.691
28/02/2019 18:00;4.972262261;5.577710824;5.327970729;6.567746;6.088835595;5.106
28/02/2019 19:00;6.826870929;4.980098085;4.573764783;5.369743;6.520524036;4.341
28/02/2019 20:00;5.890241897;4.476343792;3.998745415;5.9389424;4.772665298;3.894
28/02/2019 21:00;3.201266851;4.279679157;3.690939282;5.3435936;4.563481893;3.662
28/02/2019 22:00;3.812962232;4.630800623;4.330050635;6.463752;5.254927335;4.077
